contractSymbol,lastTradeDate,strike,lastPrice,bid,ask,change,percentChange,volume,openInterest,impliedVolatility,inTheMoney,contractSize,currency,option_type,expiry,mid,relative_spread
SPY260618C00245000,2026-05-01 17:44:18+00:00,245.0,478.94,485.46,488.32,0.0,0.0,2.0,22,1.4179716601562502,True,REGULAR,USD,call,2026-06-18,486.89,0.005874016718355303
SPY260618C00250000,2026-04-17 13:58:08+00:00,250.0,459.7,480.54,483.35,0.0,0.0,3.0,45,1.3991729260253907,True,REGULAR,USD,call,2026-06-18,481.94500000000005,0.0058305408293477514
SPY260618C00255000,2026-04-17 13:58:08+00:00,255.0,454.83,475.56,478.37,0.0,0.0,3.0,25,1.3789093554687497,True,REGULAR,USD,call,2026-06-18,476.96500000000003,0.005891417609258545
SPY260618C00260000,2026-04-17 18:19:42+00:00,260.0,451.47,470.53,473.39,0.0,0.0,1.0,11,1.358889924316406,True,REGULAR,USD,call,2026-06-18,471.96,0.006059835579286409
SPY260618C00265000,2026-03-27 13:37:08+00:00,265.0,377.97,465.71,468.42,0.0,0.0,1.0,39,1.3408236083984373,True,REGULAR,USD,call,2026-06-18,467.065,0.005802190273302509
SPY260618C00270000,2026-03-27 13:40:14+00:00,270.0,374.85,460.63,463.44,0.0,0.0,1.0,17,1.3212924560546875,True,REGULAR,USD,call,2026-06-18,462.03499999999997,0.006081790340558621
SPY260618C00275000,2026-05-05 16:43:56+00:00,275.0,448.32,455.66,458.46,0.0,0.0,1.0,13,1.3020054431152341,True,REGULAR,USD,call,2026-06-18,457.06,0.006126110357502198
SPY260618C00280000,2026-04-07 19:03:34+00:00,280.0,376.5,450.69,453.49,0.0,0.0,1.0,11,1.284671545410156,True,REGULAR,USD,call,2026-06-18,452.09000000000003,0.006193457055011195
SPY260618C00285000,2026-03-27 13:39:52+00:00,285.0,359.65,445.71,448.51,0.0,0.0,1.0,113,1.2658728112792965,True,REGULAR,USD,call,2026-06-18,447.11,0.0062624410100422965
SPY260618C00290000,2026-04-06 13:57:44+00:00,290.0,370.6,440.73,443.54,0.0,0.0,2.0,248,1.2490271923828122,True,REGULAR,USD,call,2026-06-18,442.135,0.0063555248962421035
SPY260618C00295000,2026-05-05 16:43:56+00:00,295.0,428.39,435.83,439.2,0.0,0.0,1.0,392,0.9414068359375,True,REGULAR,USD,call,2026-06-18,437.515,0.0077025930539524464
SPY260618C00300000,2026-05-01 14:20:25+00:00,300.0,426.17,430.74,434.19,0.0,0.0,2.0,474,0.8808605664062499,True,REGULAR,USD,call,2026-06-18,432.46500000000003,0.00797752419270921
SPY260618C00305000,2026-04-07 19:20:36+00:00,305.0,355.02,425.79,428.84,0.0,0.0,4.0,550,1.2275429248046876,True,REGULAR,USD,call,2026-06-18,427.315,0.00713759170635235
SPY260618C00310000,2026-04-14 13:45:25+00:00,310.0,381.99,420.77,423.63,0.0,0.0,1.0,96,1.1784709045410153,True,REGULAR,USD,call,2026-06-18,422.2,0.006774040738986295
SPY260618C00315000,2026-03-24 14:57:20+00:00,315.0,344.65,415.8,418.65,0.0,0.0,1.0,60,1.1611370068359377,True,REGULAR,USD,call,2026-06-18,417.225,0.006830846665468191
SPY260618C00320000,2026-03-24 13:31:46+00:00,320.0,335.76,410.82,413.68,0.0,0.0,1.0,27,1.1452679455566406,True,REGULAR,USD,call,2026-06-18,412.25,0.006937537901758674
SPY260618C00325000,2026-03-27 14:14:25+00:00,325.0,318.2,405.85,408.7,0.0,0.0,1.0,63,1.1281781872558594,True,REGULAR,USD,call,2026-06-18,407.275,0.00699772880731684
SPY260618C00330000,2026-03-26 19:20:30+00:00,330.0,320.24,400.93,403.73,0.0,0.0,3.0,15,1.1125532653808592,True,REGULAR,USD,call,2026-06-18,402.33000000000004,0.006959461138866132
SPY260618C00335000,2026-03-26 13:45:05+00:00,335.0,322.43,395.96,398.75,0.0,0.0,6.0,9,1.0957076464843751,True,REGULAR,USD,call,2026-06-18,397.355,0.007021429200588946
SPY260618C00340000,2026-03-26 16:49:12+00:00,340.0,312.9,391.05,393.78,0.0,0.0,1.0,134,0.6875031250000001,True,REGULAR,USD,call,2026-06-18,392.41499999999996,0.006956920607010338
SPY260618C00345000,2026-03-26 15:50:12+00:00,345.0,310.67,386.0,389.42,0.0,0.0,1.0,156,0.8720715917968749,True,REGULAR,USD,call,2026-06-18,387.71000000000004,0.00882102602460606
SPY260618C00350000,2026-04-30 16:53:52+00:00,350.0,366.46,381.1,383.83,0.0,0.0,2.0,167,0.73437765625,True,REGULAR,USD,call,2026-06-18,382.46500000000003,0.007137908043873194
SPY260618C00355000,2026-05-01 19:51:32+00:00,355.0,368.58,376.0,378.85,0.0,0.0,8.0,385,0.6718782812500002,True,REGULAR,USD,call,2026-06-18,377.425,0.007551169106445049
SPY260618C00360000,2026-04-28 13:36:40+00:00,360.0,353.76,371.08,374.5,0.0,0.0,30.0,131,0.848634326171875,True,REGULAR,USD,call,2026-06-18,372.78999999999996,0.009174065827946071
SPY260618C00365000,2026-04-30 14:04:52+00:00,365.0,348.9,366.1,368.9,0.0,0.0,19.0,128,0.7226590234375,True,REGULAR,USD,call,2026-06-18,367.5,0.007619047619047495
SPY260618C00370000,2026-05-06 14:19:35+00:00,370.0,361.63,361.44,364.42,5.9100037,1.6614201,10.0,137,0.8500991552734375,True,REGULAR,USD,call,2026-06-18,362.93,0.008210949769928136
SPY260618C00375000,2026-04-13 19:35:47+00:00,375.0,312.03,356.14,359.2,0.0,0.0,1.0,201,0.7700218310546876,True,REGULAR,USD,call,2026-06-18,357.66999999999996,0.008555372270528707
SPY260618C00380000,2026-04-13 16:17:33+00:00,380.0,303.02,351.48,354.53,0.0,0.0,4.0,139,0.8334977587890623,True,REGULAR,USD,call,2026-06-18,353.005,0.008640104247815058
SPY260618C00385000,2026-03-30 13:31:00+00:00,385.0,259.03,346.21,349.0,0.0,0.0,1.0,175,0.719729365234375,True,REGULAR,USD,call,2026-06-18,347.605,0.008026351749831045
SPY260618C00390000,2026-04-16 17:52:49+00:00,390.0,314.15,341.18,344.28,0.0,0.0,1.0,181,0.745119736328125,True,REGULAR,USD,call,2026-06-18,342.73,0.009045020861902855
SPY260618C00395000,2026-03-26 14:40:14+00:00,395.0,264.01,336.26,339.06,0.0,0.0,1.0,153,0.7114286669921875,True,REGULAR,USD,call,2026-06-18,337.65999999999997,0.008292365100989196
SPY260618C00400000,2026-05-05 19:49:57+00:00,400.0,326.49,331.29,334.08,0.0,0.0,6.0,540,0.7055693505859376,True,REGULAR,USD,call,2026-06-18,332.685,0.008386311375625483
SPY260618C00405000,2026-04-21 15:42:16+00:00,405.0,304.34,326.39,329.67,0.0,0.0,5.0,183,0.76367423828125,True,REGULAR,USD,call,2026-06-18,328.03,0.009999085449501661
SPY260618C00410000,2026-04-21 13:30:02+00:00,410.0,302.0,321.43,324.14,0.0,0.0,3.0,90,0.7036162451171876,True,REGULAR,USD,call,2026-06-18,322.78499999999997,0.00839568133587366
SPY260618C00415000,2026-04-13 16:29:07+00:00,415.0,269.89,316.38,319.16,0.0,0.0,1.0,96,0.6867707104492189,True,REGULAR,USD,call,2026-06-18,317.77,0.008748465871542405
SPY260618C00420000,2026-04-22 19:40:18+00:00,420.0,293.1,311.42,314.19,0.0,0.0,4.0,109,0.6811555322265627,True,REGULAR,USD,call,2026-06-18,312.805,0.008855357171400655
SPY260618C00425000,2026-05-05 15:04:39+00:00,425.0,300.52,306.44,309.78,0.0,0.0,3.0,182,0.7187528125,True,REGULAR,USD,call,2026-06-18,308.11,0.010840284314043604
SPY260618C00430000,2026-04-17 16:30:43+00:00,430.0,285.0,301.46,304.87,0.0,0.0,3.0,200,0.7124052197265626,True,REGULAR,USD,call,2026-06-18,303.16499999999996,0.011248000263882788
SPY260618C00435000,2026-04-23 14:17:04+00:00,435.0,278.24,296.56,299.28,0.0,0.0,3.0,103,0.6626010302734376,True,REGULAR,USD,call,2026-06-18,297.91999999999996,0.00912996777658422
SPY260618C00440000,2026-05-04 15:14:52+00:00,440.0,290.05,291.59,294.98,8.049988,2.8546057,1.0,412,0.6992217578125001,True,REGULAR,USD,call,2026-06-18,293.28499999999997,0.011558722744088663
SPY260618C00445000,2026-04-07 18:51:09+00:00,445.0,214.74,286.55,289.33,0.0,0.0,11.0,23,0.639652041015625,True,REGULAR,USD,call,2026-06-18,287.94,0.009654789192192724
SPY260618C00450000,2026-05-01 15:58:17+00:00,450.0,275.83,281.53,284.97,0.0,0.0,2.0,206,0.6677279321289065,True,REGULAR,USD,call,2026-06-18,283.25,0.01214474845542826
SPY260618C00455000,2026-04-23 14:28:21+00:00,455.0,258.75,276.6,279.39,0.0,0.0,1.0,24,0.622074091796875,True,REGULAR,USD,call,2026-06-18,277.995,0.010036151729347518
SPY260618C00460000,2026-04-17 19:51:18+00:00,460.0,253.97,271.72,274.42,0.0,0.0,15.0,73,0.619388571777344,True,REGULAR,USD,call,2026-06-18,273.07000000000005,0.00988757461456765
SPY260618C00465000,2026-04-29 14:58:28+00:00,465.0,249.24,267.04,269.45,0.0,0.0,1.0,28,0.6272009936523439,True,REGULAR,USD,call,2026-06-18,268.245,0.008984324032134684
SPY260618C00470000,2026-04-24 14:07:35+00:00,470.0,244.43,261.7,264.49,0.0,0.0,1.0,89,0.5969278588867188,True,REGULAR,USD,call,2026-06-18,263.095,0.010604534483741691
SPY260618C00475000,2026-04-09 17:51:23+00:00,475.0,209.96,256.74,259.52,0.0,0.0,5.0,103,0.5883830224609375,True,REGULAR,USD,call,2026-06-18,258.13,0.010769767171580106
SPY260618C00480000,2026-04-30 16:53:38+00:00,480.0,237.15,251.77,254.55,0.0,0.0,1.0,215,0.579105771484375,True,REGULAR,USD,call,2026-06-18,253.16000000000003,0.01098119766155791
SPY260618C00485000,2026-05-01 17:51:51+00:00,485.0,240.54,246.89,250.19,0.0,0.0,1.0,142,0.602787175292969,True,REGULAR,USD,call,2026-06-18,248.54,0.013277540838496868
SPY260618C00490000,2026-04-24 18:17:40+00:00,490.0,226.51,241.8,245.24,0.0,0.0,12.0,339,0.5880168151855469,True,REGULAR,USD,call,2026-06-18,243.52,0.014126149802890923
SPY260618C00495000,2026-04-29 18:58:17+00:00,495.0,218.3,236.87,239.65,0.0,0.0,1.0,127,0.551762294921875,True,REGULAR,USD,call,2026-06-18,238.26,0.011667925795349624
SPY260618C00500000,2026-05-05 19:21:21+00:00,500.0,227.5,231.87,235.31,0.0,0.0,2.0,1133,0.5677533459472657,True,REGULAR,USD,call,2026-06-18,233.59,0.014726657819255952
SPY260618C00505000,2026-04-27 16:42:27+00:00,505.0,212.62,226.91,230.0,0.0,0.0,1.0,155,0.5440719421386719,True,REGULAR,USD,call,2026-06-18,228.45499999999998,0.01352563962268282
SPY260618C00510000,2026-05-05 16:00:24+00:00,510.0,215.88,222.06,225.39,0.0,0.0,1.0,436,0.5520064331054688,True,REGULAR,USD,call,2026-06-18,223.725,0.014884344619510489
SPY260618C00515000,2026-05-04 16:52:41+00:00,515.0,204.67,216.97,220.07,0.0,0.0,20.0,552,0.5241746801757812,True,REGULAR,USD,call,2026-06-18,218.51999999999998,0.014186344499359302
SPY260618C00520000,2026-05-05 16:00:44+00:00,520.0,206.06,212.14,214.83,0.0,0.0,2.0,4057,0.5090381127929688,True,REGULAR,USD,call,2026-06-18,213.485,0.012600416891116593
SPY260618C00525000,2026-04-30 17:46:13+00:00,525.0,195.69,207.05,210.16,0.0,0.0,1.0,342,0.5054981091308592,True,REGULAR,USD,call,2026-06-18,208.60500000000002,0.014908559238752594
SPY260618C00530000,2026-04-30 18:25:33+00:00,530.0,191.17,202.54,204.91,0.0,0.0,2.0,410,0.501103621826172,True,REGULAR,USD,call,2026-06-18,203.725,0.011633329242851907
SPY260618C00535000,2026-05-06 13:30:00+00:00,535.0,195.82,197.17,199.96,5.530014,2.9060981,1.0,525,0.5532271240234375,True,REGULAR,USD,call,2026-06-18,198.565,0.014050814594717199
SPY260618C00540000,2026-05-05 19:48:20+00:00,540.0,188.0,192.23,195.55,0.0,0.0,1.0,3490,0.5637861004638673,True,REGULAR,USD,call,2026-06-18,193.89,0.01712311104234371
SPY260618C00545000,2026-05-05 14:39:16+00:00,545.0,180.92,187.28,190.66,0.0,0.0,1.0,509,0.5539595385742189,True,REGULAR,USD,call,2026-06-18,188.97,0.017886437000582078
SPY260618C00550000,2026-05-06 14:06:57+00:00,550.0,182.15,182.33,185.12,4.699997,2.6486318,9.0,12328,0.5192919165039063,True,REGULAR,USD,call,2026-06-18,183.72500000000002,0.015185739556402187
SPY260618C00555000,2026-05-05 19:47:35+00:00,555.0,172.81,177.32,180.42,0.0,0.0,1.0,365,0.5173388110351562,True,REGULAR,USD,call,2026-06-18,178.87,0.017331022530329258
SPY260618C00560000,2026-05-04 18:12:26+00:00,560.0,162.0,172.5,175.49,0.0,0.0,7.0,1726,0.5062305236816407,True,REGULAR,USD,call,2026-06-18,173.995,0.017184401850627945
SPY260618C00565000,2026-05-05 14:15:38+00:00,565.0,160.87,167.48,170.24,0.0,0.0,1.0,613,0.4835867071533204,True,REGULAR,USD,call,2026-06-18,168.86,0.016344901101504317
SPY260618C00570000,2026-05-05 17:01:15+00:00,570.0,156.81,162.61,165.3,0.0,0.0,3.0,5157,0.47241738525390625,True,REGULAR,USD,call,2026-06-18,163.955,0.016406940928913406
SPY260618C00575000,2026-05-06 14:02:50+00:00,575.0,157.93,157.9,160.68,7.0,4.637912,1.0,3077,0.47211221252441404,True,REGULAR,USD,call,2026-06-18,159.29000000000002,0.017452445225689
SPY260618C00580000,2026-05-06 14:09:34+00:00,580.0,152.85,153.04,155.42,4.5400085,3.0611615,1.0,1857,0.44995667236328124,True,REGULAR,USD,call,2026-06-18,154.23,0.01543149841146337
SPY260618C00585000,2026-05-04 16:55:51+00:00,585.0,135.6,147.68,150.77,0.0,0.0,2.0,410,0.4480035668945312,True,REGULAR,USD,call,2026-06-18,149.22500000000002,0.020706986094823274
SPY260618C00590000,2026-05-06 13:47:29+00:00,590.0,142.43,143.22,145.55,5.0599976,3.683481,1.0,1751,0.4276180285644532,True,REGULAR,USD,call,2026-06-18,144.385,0.01613741039581683
SPY260618C00595000,2026-05-06 13:32:56+00:00,595.0,137.38,137.81,140.0,6.380005,4.8702326,1.0,1721,0.39649041015625003,True,REGULAR,USD,call,2026-06-18,138.905,0.015766171124149582
SPY260618C00600000,2026-05-06 14:06:46+00:00,600.0,132.87,132.94,135.7,4.069992,3.1599317,4.0,5080,0.40570662658691403,True,REGULAR,USD,call,2026-06-18,134.32,0.020547945205479385
SPY260618C00605000,2026-05-04 17:20:34+00:00,605.0,117.51,127.98,130.0,0.0,0.0,104.0,2711,0.37091693542480464,True,REGULAR,USD,call,2026-06-18,128.99,0.015660128692146644
SPY260618C00610000,2026-05-05 19:37:58+00:00,610.0,118.66,123.11,126.4,0.0,0.0,39.0,1541,0.39819937744140627,True,REGULAR,USD,call,2026-06-18,124.755,0.02637168850947863
SPY260618C00615000,2026-05-06 14:12:29+00:00,615.0,119.08,118.15,121.26,5.6100006,4.9440384,35.0,2371,0.38104867004394527,True,REGULAR,USD,call,2026-06-18,119.70500000000001,0.02598053548306252
SPY260618C00620000,2026-05-05 19:37:58+00:00,620.0,108.9,113.27,116.37,0.0,0.0,26.0,4817,0.3702760726928711,True,REGULAR,USD,call,2026-06-18,114.82,0.026998780700226516
SPY260618C00625000,2026-05-01 17:22:51+00:00,625.0,101.95,108.38,111.49,0.0,0.0,3.0,1738,0.35962554443359374,True,REGULAR,USD,call,2026-06-18,109.935,0.028289443762223126
SPY260618C00630000,2026-05-06 13:30:00+00:00,630.0,102.36,103.54,106.61,3.050003,3.0711944,5.0,3157,0.34882242980957034,True,REGULAR,USD,call,2026-06-18,105.075,0.029217225791101527
SPY260618C00635000,2026-05-06 14:12:29+00:00,635.0,99.6,98.69,101.76,5.7999954,6.1833634,36.0,4013,0.33850759155273435,True,REGULAR,USD,call,2026-06-18,100.225,0.030631080069842928
SPY260618C00640000,2026-05-05 18:39:27+00:00,640.0,88.67,94.24,96.62,0.0,0.0,9.0,3177,0.321723091430664,True,REGULAR,USD,call,2026-06-18,95.43,0.02493974641098197
SPY260618C00645000,2026-05-06 13:52:21+00:00,645.0,88.69,88.91,92.11,3.9700012,4.686026,3.0,2660,0.3182746395874023,True,REGULAR,USD,call,2026-06-18,90.50999999999999,0.035355209369130516
SPY260618C00650000,2026-05-06 14:31:38+00:00,650.0,85.48,84.82,87.01,6.4800034,8.202537,14.0,6568,0.302314105834961,True,REGULAR,USD,call,2026-06-18,85.91499999999999,0.02549031019030451
SPY260618C00655000,2026-05-06 14:19:19+00:00,655.0,79.84,80.87,82.69,6.779999,9.280043,1.0,4283,0.3012765185546875,True,REGULAR,USD,call,2026-06-18,81.78,0.02225483003179253
SPY260618C00660000,2026-05-06 14:35:49+00:00,660.0,75.66,74.66,76.56,5.830002,8.348849,6.0,13599,0.26578493011474613,True,REGULAR,USD,call,2026-06-18,75.61,0.025128951196931697
SPY260618C00661000,2026-05-01 16:25:12+00:00,661.0,67.75,73.69,76.52,0.0,0.0,1.0,9,0.28104356658935536,True,REGULAR,USD,call,2026-06-18,75.10499999999999,0.03768058052060447
SPY260618C00662000,2026-05-04 15:23:07+00:00,662.0,63.18,72.72,75.57,0.0,0.0,20.0,18,0.2790599438476562,True,REGULAR,USD,call,2026-06-18,74.145,0.038438195427877735
SPY260618C00663000,2026-05-04 16:55:19+00:00,663.0,60.8,71.77,74.63,0.0,0.0,1.0,0,0.2772899420166015,True,REGULAR,USD,call,2026-06-18,73.19999999999999,0.03907103825136612
SPY260618C00664000,2026-05-06 13:34:43+00:00,664.0,70.62,70.88,73.69,9.310001,15.185126,1.0,32,0.27545890563964837,True,REGULAR,USD,call,2026-06-18,72.285,0.038873901916026875
SPY260618C00665000,2026-05-06 13:55:55+00:00,665.0,70.34,70.24,73.03,3.8399963,5.7744308,3.0,13992,0.2784495983886719,True,REGULAR,USD,call,2026-06-18,71.63499999999999,0.03894744189292953
SPY260618C00667000,2026-05-04 19:26:15+00:00,667.0,58.08,68.04,70.87,0.0,0.0,1.0,7,0.2699047619628906,True,REGULAR,USD,call,2026-06-18,69.45500000000001,0.04074580663739109
SPY260618C00668000,2026-05-05 15:50:39+00:00,668.0,61.99,67.06,69.93,0.0,0.0,1.0,4,0.268012691040039,True,REGULAR,USD,call,2026-06-18,68.495,0.0419008686765458
SPY260618C00670000,2026-05-06 14:26:51+00:00,670.0,66.24,65.34,67.23,5.739998,9.487599,8.0,20133,0.25025163818359375,True,REGULAR,USD,call,2026-06-18,66.285,0.02851323828920571
SPY260618C00671000,2026-04-30 17:05:47+00:00,671.0,52.46,64.39,67.13,0.0,0.0,,23,0.2625195819091797,True,REGULAR,USD,call,2026-06-18,65.75999999999999,0.041666666666666595
SPY260618C00672000,2026-04-30 14:07:08+00:00,672.0,48.75,63.67,66.2,0.0,0.0,,6,0.26071906280517576,True,REGULAR,USD,call,2026-06-18,64.935,0.03896203896203898
SPY260618C00674000,2026-05-04 13:42:11+00:00,674.0,53.72,61.58,64.35,0.0,0.0,1.0,1,0.2571790591430664,True,REGULAR,USD,call,2026-06-18,62.964999999999996,0.043992694354006136
SPY260618C00675000,2026-05-06 14:24:15+00:00,675.0,61.43,60.97,63.72,3.4300003,5.9137936,4.0,19136,0.25998664825439455,True,REGULAR,USD,call,2026-06-18,62.345,0.044109391290400195
SPY260618C00676000,2026-05-04 19:09:27+00:00,676.0,49.61,59.61,62.5,0.0,0.0,2.0,34,0.25354750366210943,True,REGULAR,USD,call,2026-06-18,61.055,0.047334370649414474
SPY260618C00677000,2026-05-04 19:09:27+00:00,677.0,49.45,59.08,61.59,0.0,0.0,2.0,5,0.25193008819580076,True,REGULAR,USD,call,2026-06-18,60.335,0.04160106074417842
SPY260618C00678000,2026-04-29 17:32:46+00:00,678.0,42.93,59.36,59.91,0.0,0.0,,15,0.23834990173339843,True,REGULAR,USD,call,2026-06-18,59.635,0.009222771862161435
SPY260618C00679000,2026-05-05 13:36:10+00:00,679.0,50.26,58.33,58.87,0.0,0.0,1.0,6,0.23474886352539062,True,REGULAR,USD,call,2026-06-18,58.599999999999994,0.009215017064846403
SPY260618C00680000,2026-05-06 14:20:57+00:00,680.0,56.66,56.13,57.95,5.1899986,10.083541,19.0,17069,0.23307041351318358,True,REGULAR,USD,call,2026-06-18,57.040000000000006,0.03190743338008415
SPY260618C00681000,2026-05-06 14:31:41+00:00,681.0,56.07,55.14,57.19,5.450001,10.766497,1.0,62,0.2337723107910156,True,REGULAR,USD,call,2026-06-18,56.165,0.03649959939464074
SPY260618C00682000,2026-05-01 13:50:23+00:00,682.0,48.34,54.16,56.16,0.0,0.0,3.0,2,0.23032385894775392,True,REGULAR,USD,call,2026-06-18,55.16,0.03625815808556926
SPY260618C00683000,2026-05-06 14:06:46+00:00,683.0,53.45,53.64,55.32,5.209999,10.800163,4.0,32,0.22972877212524412,True,REGULAR,USD,call,2026-06-18,54.480000000000004,0.030837004405286337
SPY260618C00684000,2026-04-28 16:53:48+00:00,684.0,38.19,52.36,54.3,0.0,0.0,,32,0.22641764801025388,True,REGULAR,USD,call,2026-06-18,53.33,0.03637727357959868
SPY260618C00685000,2026-05-06 14:35:49+00:00,685.0,53.15,53.13,53.52,5.16,10.752239,13.0,15840,0.22660075164794918,True,REGULAR,USD,call,2026-06-18,53.325,0.007313642756680742
SPY260618C00686000,2026-05-06 14:06:21+00:00,686.0,50.31,50.72,52.53,5.91,13.31081,6.0,7,0.2237016107177734,True,REGULAR,USD,call,2026-06-18,51.625,0.03506053268765138
SPY260618C00687000,2026-05-04 17:03:03+00:00,687.0,40.02,49.71,51.7,0.0,0.0,5.0,9,0.22307600662231442,True,REGULAR,USD,call,2026-06-18,50.705,0.03924662262104333
SPY260618C00688000,2026-05-05 16:27:54+00:00,688.0,43.98,48.82,50.81,0.0,0.0,1.0,8,0.22153488433837887,True,REGULAR,USD,call,2026-06-18,49.815,0.039947806885476306
SPY260618C00689000,2026-05-06 14:35:37+00:00,689.0,49.54,47.87,49.87,10.740002,27.680416,1.0,7,0.21927660614013672,True,REGULAR,USD,call,2026-06-18,48.87,0.040924902803355846
SPY260618C00690000,2026-05-06 14:34:46+00:00,690.0,48.46,48.47,48.86,5.6899986,13.303715,92.0,16575,0.2160112579345703,True,REGULAR,USD,call,2026-06-18,48.665,0.008013973081269919
SPY260618C00691000,2026-05-06 14:06:02+00:00,691.0,46.78,46.19,48.16,4.8799973,11.646771,6.0,13,0.21701832794189452,True,REGULAR,USD,call,2026-06-18,47.175,0.0417594064652888
SPY260618C00692000,2026-05-06 13:31:23+00:00,692.0,44.51,45.19,47.12,3.6799965,9.012971,3.0,53,0.21329522064208983,True,REGULAR,USD,call,2026-06-18,46.155,0.04181562127613476
SPY260618C00693000,2026-05-05 18:18:09+00:00,693.0,40.7,44.3,46.29,0.0,0.0,4.0,46,0.2124102197265625,True,REGULAR,USD,call,2026-06-18,45.295,0.043934209073849255
SPY260618C00694000,2026-05-06 14:06:58+00:00,694.0,43.59,43.5,45.48,5.0099983,12.985998,22.0,10,0.21173883972167967,True,REGULAR,USD,call,2026-06-18,44.489999999999995,0.04450438300741733
SPY260618C00695000,2026-05-06 14:29:45+00:00,695.0,43.48,42.9,44.55,4.1899986,10.664288,12.0,25274,0.20941952697753902,True,REGULAR,USD,call,2026-06-18,43.724999999999994,0.037735849056603744
SPY260618C00696000,2026-05-06 13:45:39+00:00,696.0,41.85,42.08,43.72,4.25,11.303192,10.0,15,0.20838193969726557,True,REGULAR,USD,call,2026-06-18,42.9,0.038228438228438244
SPY260618C00697000,2026-05-05 15:52:19+00:00,697.0,36.83,40.82,42.81,0.0,0.0,3.0,16,0.20627624786376947,True,REGULAR,USD,call,2026-06-18,41.815,0.047590577543943614
SPY260618C00698000,2026-05-05 18:36:02+00:00,698.0,36.4,39.95,41.91,0.0,0.0,15.0,21,0.20426210784912108,True,REGULAR,USD,call,2026-06-18,40.93,0.04788663571952098
SPY260618C00699000,2026-05-05 16:38:19+00:00,699.0,34.99,39.07,41.06,0.0,0.0,9.0,36,0.20282779602050777,True,REGULAR,USD,call,2026-06-18,40.065,0.049669287407962115
SPY260618C00700000,2026-05-06 14:35:49+00:00,700.0,39.99,39.87,40.22,5.4000015,15.611452,171.0,30620,0.2014850360107422,True,REGULAR,USD,call,2026-06-18,40.045,0.008740167311774289
SPY260618C00702000,2026-05-05 17:36:55+00:00,702.0,32.74,36.61,38.58,0.0,0.0,1.0,23,0.1991352059936523,True,REGULAR,USD,call,2026-06-18,37.595,0.052400585184199995
SPY260618C00703000,2026-05-06 14:17:39+00:00,703.0,36.32,35.94,37.72,8.77,31.833035,1.0,13,0.19739572143554687,True,REGULAR,USD,call,2026-06-18,36.83,0.04833016562584853
SPY260618C00704000,2026-05-06 14:07:16+00:00,704.0,34.82,34.92,36.88,3.5299988,11.281555,11.0,27,0.19583934051513674,True,REGULAR,USD,call,2026-06-18,35.900000000000006,0.054596100278551545
SPY260618C00705000,2026-05-06 14:32:46+00:00,705.0,35.49,35.7,36.0,5.3100014,17.594437,47.0,15654,0.19376416595458984,True,REGULAR,USD,call,2026-06-18,35.85,0.008368200836820005
SPY260618C00706000,2026-05-05 17:23:20+00:00,706.0,29.29,33.24,35.21,0.0,0.0,6.0,14,0.1927113200378418,True,REGULAR,USD,call,2026-06-18,34.225,0.05756026296566834
SPY260618C00707000,2026-05-05 13:53:34+00:00,707.0,27.68,32.44,34.4,0.0,0.0,1.0,88,0.19135330139160156,True,REGULAR,USD,call,2026-06-18,33.42,0.05864751645721127
SPY260618C00708000,2026-05-05 17:53:04+00:00,708.0,28.17,31.55,33.48,0.0,0.0,2.0,41,0.18869829864501952,True,REGULAR,USD,call,2026-06-18,32.515,0.059357219744733083
SPY260618C00709000,2026-05-06 14:23:15+00:00,709.0,31.59,31.14,32.73,3.7299995,13.388368,4.0,143,0.18792010818481442,True,REGULAR,USD,call,2026-06-18,31.935,0.04978863316110839
SPY260618C00710000,2026-05-06 14:32:54+00:00,710.0,31.48,31.6,31.9,4.789999,17.946793,115.0,33062,0.18618062362670895,True,REGULAR,USD,call,2026-06-18,31.75,0.009448818897637705
SPY260618C00711000,2026-05-05 17:23:20+00:00,711.0,25.48,30.77,31.11,0.0,0.0,11.0,1768,0.18483786361694332,True,REGULAR,USD,call,2026-06-18,30.939999999999998,0.010989010989010985
SPY260618C00712000,2026-05-06 13:57:27+00:00,712.0,29.06,28.51,30.36,3.9099998,15.54672,4.0,160,0.18387656951904296,True,REGULAR,USD,call,2026-06-18,29.435000000000002,0.06285034822490225
SPY260618C00713000,2026-05-06 14:08:16+00:00,713.0,28.09,27.88,29.41,3.7700005,15.501647,2.0,1333,0.1806417385864258,True,REGULAR,USD,call,2026-06-18,28.645,0.05341246290801191
SPY260618C00714000,2026-05-06 14:32:54+00:00,714.0,28.22,27.04,28.66,4.7199993,20.085104,8.0,1677,0.17957363403320312,True,REGULAR,USD,call,2026-06-18,27.85,0.058168761220825885
SPY260618C00715000,2026-05-06 14:27:25+00:00,715.0,27.27,27.55,27.82,4.2800007,18.616793,542.0,38445,0.1774374249267578,True,REGULAR,USD,call,2026-06-18,27.685000000000002,0.009752573595809989
SPY260618C00716000,2026-05-06 13:40:55+00:00,716.0,25.46,26.87,27.2,2.7199993,11.961299,15.0,1080,0.17762052856445312,True,REGULAR,USD,call,2026-06-18,27.035,0.01220639911226182
SPY260618C00717000,2026-05-06 14:30:21+00:00,717.0,25.52,24.66,26.37,3.5100002,15.947298,105.0,2185,0.17546906082153318,True,REGULAR,USD,call,2026-06-18,25.515,0.06701940035273372
SPY260618C00718000,2026-05-06 14:17:06+00:00,718.0,24.7,24.11,25.65,3.8000011,18.181824,3.0,788,0.1744162149047852,True,REGULAR,USD,call,2026-06-18,24.88,0.06189710610932473
SPY260618C00719000,2026-05-06 14:05:10+00:00,719.0,23.68,23.45,24.9,3.3999996,16.765284,9.0,407,0.1729819030761719,True,REGULAR,USD,call,2026-06-18,24.174999999999997,0.05997931747673214
SPY260618C00720000,2026-05-06 14:35:58+00:00,720.0,23.9,23.89,24.08,4.4400005,22.816036,239.0,17243,0.17075414215087892,True,REGULAR,USD,call,2026-06-18,23.985,0.007921617677715143
SPY260618C00721000,2026-05-05 19:42:41+00:00,721.0,19.11,23.19,23.42,0.0,0.0,348.0,3632,0.17011327941894533,True,REGULAR,USD,call,2026-06-18,23.305,0.009869126796824734
SPY260618C00722000,2026-05-06 14:27:15+00:00,722.0,22.04,22.41,22.65,3.5300007,19.070776,19.0,1670,0.16825172576904301,True,REGULAR,USD,call,2026-06-18,22.53,0.010652463382157053
SPY260618C00723000,2026-05-06 14:04:15+00:00,723.0,20.87,21.69,21.95,3.4100018,19.530367,7.0,587,0.16704629348754885,True,REGULAR,USD,call,2026-06-18,21.82,0.011915673693858753
SPY260618C00724000,2026-05-06 14:06:55+00:00,724.0,19.81,20.91,21.15,3.1899986,19.193733,10.0,3749,0.1647422393798828,True,REGULAR,USD,call,2026-06-18,21.03,0.01141226818830235
SPY260618C00725000,2026-05-06 14:36:29+00:00,725.0,20.29,20.31,20.52,4.080002,25.16966,3343.0,35093,0.16407085937500002,True,REGULAR,USD,call,2026-06-18,20.415,0.010286554004408565
SPY260618C00726000,2026-05-06 14:34:30+00:00,726.0,19.6,19.62,19.85,4.01,25.721619,30.0,337,0.16291120300292972,True,REGULAR,USD,call,2026-06-18,19.735,0.011654421079300757
SPY260618C00727000,2026-05-06 14:33:48+00:00,727.0,18.9,18.94,19.18,4.04,27.18708,72.0,429,0.16167525344848632,True,REGULAR,USD,call,2026-06-18,19.060000000000002,0.01259181532004189
SPY260618C00728000,2026-05-06 14:33:53+00:00,728.0,18.19,18.26,18.5,4.0200005,28.369799,32.0,877,0.16025620025634768,True,REGULAR,USD,call,2026-06-18,18.380000000000003,0.013057671381936801
SPY260618C00729000,2026-05-06 14:32:54+00:00,729.0,17.45,17.57,17.85,3.8200006,28.026417,173.0,664,0.1590355093383789,True,REGULAR,USD,call,2026-06-18,17.71,0.015810276679841962
SPY260618C00730000,2026-05-06 14:36:23+00:00,730.0,17.07,17.03,17.08,3.9099998,29.711246,1524.0,19287,0.156533092956543,True,REGULAR,USD,call,2026-06-18,17.055,0.0029316915860449814
SPY260618C00731000,2026-05-06 14:35:04+00:00,731.0,16.3,16.41,16.46,3.709999,29.467825,60.0,447,0.15543447113037112,True,REGULAR,USD,call,2026-06-18,16.435000000000002,0.003042287800425963
SPY260618C00732000,2026-05-06 14:29:50+00:00,732.0,15.19,15.76,15.82,3.1399994,26.058086,59.0,724,0.15403067657470704,True,REGULAR,USD,call,2026-06-18,15.79,0.0037998733375554463
SPY260618C00733000,2026-05-06 14:32:08+00:00,733.0,14.8,15.1,15.15,3.2799997,28.472218,1123.0,797,0.15224541610717773,False,REGULAR,USD,call,2026-06-18,15.125,0.0033057851239669893
SPY260618C00734000,2026-05-06 14:33:12+00:00,734.0,14.45,14.54,14.6,3.42,31.006348,242.0,8205,0.15152826019287113,False,REGULAR,USD,call,2026-06-18,14.57,0.004118050789293102
SPY260618C00735000,2026-05-06 14:36:00+00:00,735.0,13.97,13.93,13.98,3.4400005,32.66857,297.0,17810,0.1500329138183594,False,REGULAR,USD,call,2026-06-18,13.955,0.0035829451809387823
SPY260618C00736000,2026-05-06 14:30:40+00:00,736.0,12.92,13.4,13.46,3.13,31.9714,62.0,615,0.1494073097229004,False,REGULAR,USD,call,2026-06-18,13.43,0.00446760982874166
SPY260618C00737000,2026-05-06 14:33:48+00:00,737.0,12.7,12.8,12.86,2.92,29.856852,97.0,560,0.14789670471191407,False,REGULAR,USD,call,2026-06-18,12.83,0.0046765393608728546
SPY260618C00738000,2026-05-06 14:29:11+00:00,738.0,11.93,12.27,12.32,2.7800007,30.38252,24.0,548,0.14685911743164062,False,REGULAR,USD,call,2026-06-18,12.295,0.0040666937779585775
SPY260618C00739000,2026-05-06 14:23:28+00:00,739.0,11.15,11.72,11.76,2.2599993,25.421812,24.0,536,0.145516357421875,False,REGULAR,USD,call,2026-06-18,11.74,0.00340715502555359
SPY260618C00740000,2026-05-06 14:35:18+00:00,740.0,11.17,11.19,11.24,3.04,37.392372,542.0,33845,0.14446351150512693,False,REGULAR,USD,call,2026-06-18,11.215,0.004458314757021909
SPY260618C00741000,2026-05-06 14:07:22+00:00,741.0,9.86,10.69,10.74,1.7999992,22.332495,77.0,772,0.14348695877075196,False,REGULAR,USD,call,2026-06-18,10.715,0.00466635557629498
SPY260618C00742000,2026-05-06 14:33:15+00:00,742.0,10.1,10.18,10.23,2.4500003,32.026146,1503.0,607,0.1422967851257324,False,REGULAR,USD,call,2026-06-18,10.205,0.0048995590396864975
SPY260618C00743000,2026-05-06 14:35:39+00:00,743.0,9.66,9.72,9.77,2.71,38.992805,9.0,523,0.14148807739257813,False,REGULAR,USD,call,2026-06-18,9.745000000000001,0.00513083632632108
SPY260618C00744000,2026-05-06 14:30:57+00:00,744.0,8.87,9.24,9.29,2.31,35.213413,49.0,657,0.14035893829345703,False,REGULAR,USD,call,2026-06-18,9.265,0.005396654074473711
SPY260618C00745000,2026-05-06 14:35:22+00:00,745.0,8.74,8.76,8.81,2.5499997,41.195473,385.0,19745,0.13910773010253907,False,REGULAR,USD,call,2026-06-18,8.785,0.005691519635742824
SPY260618C00746000,2026-05-06 14:33:12+00:00,746.0,8.26,8.34,8.39,2.5,43.402775,309.0,635,0.13834479827880858,False,REGULAR,USD,call,2026-06-18,8.365,0.00597728631201443
SPY260618C00747000,2026-05-06 14:18:13+00:00,747.0,7.37,7.91,7.96,1.94,35.72744,193.0,651,0.1373682455444336,False,REGULAR,USD,call,2026-06-18,7.9350000000000005,0.006301197227473197
SPY260618C00748000,2026-05-06 14:27:25+00:00,748.0,7.21,7.5,7.55,1.8200002,33.76624,6.0,1045,0.13645272735595704,False,REGULAR,USD,call,2026-06-18,7.525,0.006644518272425225
SPY260618C00749000,2026-05-06 14:26:30+00:00,749.0,6.82,7.11,7.15,1.9300003,39.46831,20.0,947,0.1355219505310059,False,REGULAR,USD,call,2026-06-18,7.130000000000001,0.005610098176718097
SPY260618C00750000,2026-05-06 14:36:27+00:00,750.0,6.75,6.72,6.76,2.17,47.379913,2872.0,26526,0.1345606564331055,False,REGULAR,USD,call,2026-06-18,6.74,0.005934718100890213
SPY260618C00751000,2026-05-06 14:35:50+00:00,751.0,6.37,6.35,6.4,2.06,47.795826,327.0,1248,0.133797724609375,False,REGULAR,USD,call,2026-06-18,6.375,0.007843137254902072
SPY260618C00755000,2026-05-06 14:35:54+00:00,755.0,5.02,5.0,5.01,1.7,51.20482,963.0,12586,0.1299372895812988,False,REGULAR,USD,call,2026-06-18,5.005,0.0019980019980019555
SPY260618C00760000,2026-05-06 14:36:16+00:00,760.0,3.68,3.69,3.71,1.3300002,56.595753,888.0,13442,0.1272670281982422,False,REGULAR,USD,call,2026-06-18,3.7,0.00540540540540541
SPY260618C00765000,2026-05-06 14:36:19+00:00,765.0,2.65,2.65,2.67,1.1000001,70.96775,180.0,12356,0.1247035772705078,False,REGULAR,USD,call,2026-06-18,2.66,0.0075187969924812095
SPY260618C00770000,2026-05-06 14:36:05+00:00,770.0,1.87,1.87,1.9,0.77,70.0,429.0,11861,0.12293357543945313,False,REGULAR,USD,call,2026-06-18,1.885,0.01591511936339512
SPY260618C00775000,2026-05-06 14:35:31+00:00,775.0,1.31,1.31,1.33,0.53999996,70.12987,517.0,6248,0.12156029815673827,False,REGULAR,USD,call,2026-06-18,1.32,0.015151515151515164
SPY260618C00780000,2026-05-06 14:34:56+00:00,780.0,0.92,0.92,0.94,0.38,70.37037,1114.0,6345,0.12122460815429686,False,REGULAR,USD,call,2026-06-18,0.9299999999999999,0.021505376344085923
SPY260618C00785000,2026-05-06 14:33:18+00:00,785.0,0.65,0.64,0.66,0.27999997,75.67567,33.0,4121,0.12116357360839844,False,REGULAR,USD,call,2026-06-18,0.65,0.030769230769230795
SPY260618C00790000,2026-05-06 14:33:18+00:00,790.0,0.49,0.47,0.49,0.21000001,75.0,11.0,7647,0.12268943725585937,False,REGULAR,USD,call,2026-06-18,0.48,0.041666666666666706
SPY260618C00795000,2026-05-06 13:57:47+00:00,795.0,0.33,0.36,0.37,0.12000002,57.142868,104.0,3494,0.12464254272460937,False,REGULAR,USD,call,2026-06-18,0.365,0.02739726027397263
SPY260618C00800000,2026-05-06 14:33:43+00:00,800.0,0.27,0.27,0.28,0.10000001,58.823536,916.0,20592,0.12671771728515624,False,REGULAR,USD,call,2026-06-18,0.275,0.03636363636363639
SPY260618C00805000,2026-05-06 14:25:51+00:00,805.0,0.2,0.21,0.22,0.09,81.818184,154.0,1016,0.1294032373046875,False,REGULAR,USD,call,2026-06-18,0.215,0.046511627906976785
SPY260618C00810000,2026-05-06 14:04:40+00:00,810.0,0.17,0.16,0.17,0.07,70.0,16.0,7496,0.13160048095703125,False,REGULAR,USD,call,2026-06-18,0.165,0.060606060606060656
SPY260618C00815000,2026-05-06 14:26:26+00:00,815.0,0.14,0.13,0.14,0.060000002,75.0,5.0,1803,0.13501841552734378,False,REGULAR,USD,call,2026-06-18,0.135,0.07407407407407414
SPY260618C00820000,2026-05-06 13:54:52+00:00,820.0,0.1,0.11,0.12,0.030000001,42.857143,131.0,18758,0.13868048828125001,False,REGULAR,USD,call,2026-06-18,0.11499999999999999,0.0869565217391304
SPY260618C00825000,2026-05-06 14:28:34+00:00,825.0,0.09,0.08,0.09,0.020000003,28.571432,1037.0,8673,0.1401453173828125,False,REGULAR,USD,call,2026-06-18,0.08499999999999999,0.11764705882352937
SPY260618C00830000,2026-05-05 13:30:04+00:00,830.0,0.04,0.06,0.07,0.0,0.0,10.0,5476,0.14234256103515625,False,REGULAR,USD,call,2026-06-18,0.065,0.15384615384615397
SPY260618C00835000,2026-05-06 13:40:12+00:00,835.0,0.05,0.05,0.06,0.010000002,25.000004,2.0,6549,0.14600463378906248,False,REGULAR,USD,call,2026-06-18,0.055,0.18181818181818174
SPY260618C00840000,2026-05-06 14:24:58+00:00,840.0,0.05,0.04,0.05,0.010000002,33.33334,1.0,15062,0.1489342919921875,False,REGULAR,USD,call,2026-06-18,0.045,0.22222222222222227
SPY260618C00845000,2026-05-06 13:45:56+00:00,845.0,0.04,0.04,0.05,0.01,33.333336,10.0,12918,0.15430533203125002,False,REGULAR,USD,call,2026-06-18,0.045,0.22222222222222227
SPY260618C00850000,2026-05-06 14:22:02+00:00,850.0,0.05,0.03,0.04,0.020000001,200.00006,31.0,19682,0.1562584375,False,REGULAR,USD,call,2026-06-18,0.035,0.28571428571428575
SPY260618C00855000,2026-05-06 13:34:32+00:00,855.0,0.03,0.03,0.04,0.0,0.0,1.0,7930,0.16211775390625,False,REGULAR,USD,call,2026-06-18,0.035,0.28571428571428575
SPY260618C00860000,2026-05-06 14:17:23+00:00,860.0,0.03,0.02,0.03,0.01,50.0,5.0,11525,0.16309430664062502,False,REGULAR,USD,call,2026-06-18,0.025,0.3999999999999999
SPY260618C00865000,2026-05-06 14:18:03+00:00,865.0,0.02,0.02,0.03,0.0,0.0,40.0,14047,0.16797707031250003,False,REGULAR,USD,call,2026-06-18,0.025,0.3999999999999999
SPY260618C00870000,2026-05-06 14:16:18+00:00,870.0,0.02,0.02,0.03,0.0,0.0,24.0,15063,0.17383638671875,False,REGULAR,USD,call,2026-06-18,0.025,0.3999999999999999
SPY260618C00875000,2026-05-05 19:20:43+00:00,875.0,0.02,0.02,0.03,0.0,0.0,21.0,1133,0.178719150390625,False,REGULAR,USD,call,2026-06-18,0.025,0.3999999999999999
SPY260618C00880000,2026-05-06 13:34:08+00:00,880.0,0.02,0.01,0.02,0.0,0.0,1.0,1451,0.17774259765625,False,REGULAR,USD,call,2026-06-18,0.015,0.6666666666666667
SPY260618C00885000,2026-04-30 13:46:08+00:00,885.0,0.02,0.01,0.02,0.0,0.0,6.0,11714,0.18164880859375,False,REGULAR,USD,call,2026-06-18,0.015,0.6666666666666667
SPY260618C00890000,2026-05-04 19:20:07+00:00,890.0,0.01,0.01,0.02,0.0,0.0,10.0,5697,0.187508125,False,REGULAR,USD,call,2026-06-18,0.015,0.6666666666666667
SPY260618C00895000,2026-05-04 19:23:49+00:00,895.0,0.01,0.01,0.02,0.0,0.0,67.0,4273,0.1914143359375,False,REGULAR,USD,call,2026-06-18,0.015,0.6666666666666667
SPY260618C00900000,2026-05-05 15:39:47+00:00,900.0,0.02,0.01,0.02,0.0,0.0,5.0,3156,0.19727365234375,False,REGULAR,USD,call,2026-06-18,0.015,0.6666666666666667
SPY260618C00905000,2026-05-04 19:23:55+00:00,905.0,0.01,0.01,0.02,0.0,0.0,55.0,1567,0.20117986328124998,False,REGULAR,USD,call,2026-06-18,0.015,0.6666666666666667
SPY260618C00910000,2026-04-29 15:16:43+00:00,910.0,0.01,0.01,0.02,0.0,0.0,24.0,1525,0.20703917968749996,False,REGULAR,USD,call,2026-06-18,0.015,0.6666666666666667
SPY260618C00915000,2026-05-05 18:45:15+00:00,915.0,0.01,0.01,0.02,0.0,0.0,1000.0,2877,0.21094539062499998,False,REGULAR,USD,call,2026-06-18,0.015,0.6666666666666667
SPY260618C00920000,2026-05-05 18:45:23+00:00,920.0,0.01,0.01,0.02,0.0,0.0,820.0,3166,0.2148516015625,False,REGULAR,USD,call,2026-06-18,0.015,0.6666666666666667
SPY260618C00925000,2026-05-05 19:49:29+00:00,925.0,0.01,0.01,0.02,0.0,0.0,1110.0,4449,0.22071091796874998,False,REGULAR,USD,call,2026-06-18,0.015,0.6666666666666667
SPY260618C00930000,2026-05-04 15:37:33+00:00,930.0,0.01,0.01,0.02,0.0,0.0,10.0,2371,0.22461712890624996,False,REGULAR,USD,call,2026-06-18,0.015,0.6666666666666667
SPY260618C00935000,2026-05-04 13:58:38+00:00,935.0,0.01,0.0,0.02,0.0,0.0,14.0,1540,0.229499892578125,False,REGULAR,USD,call,2026-06-18,0.01,2.0
SPY260618C00940000,2026-05-01 16:31:32+00:00,940.0,0.01,0.0,0.02,0.0,0.0,2319.0,6254,0.23438265625,False,REGULAR,USD,call,2026-06-18,0.01,2.0
SPY260618C00945000,2026-05-01 15:59:22+00:00,945.0,0.01,0.0,0.01,0.0,0.0,100.0,3054,0.22657023437499998,False,REGULAR,USD,call,2026-06-18,0.01,1.0
SPY260618C00950000,2026-04-27 20:06:32+00:00,950.0,0.01,0.0,0.01,0.0,0.0,307.0,347,0.2304764453125,False,REGULAR,USD,call,2026-06-18,0.01,1.0
SPY260618C00955000,2026-05-01 15:50:52+00:00,955.0,0.01,0.0,0.01,0.0,0.0,1.0,206,0.23438265625,False,REGULAR,USD,call,2026-06-18,0.01,1.0
SPY260618C00960000,2026-04-28 13:35:52+00:00,960.0,0.01,0.0,0.01,0.0,0.0,298.0,1782,0.23828886718749998,False,REGULAR,USD,call,2026-06-18,0.01,1.0
SPY260618C00965000,2026-04-28 13:36:20+00:00,965.0,0.01,0.0,0.01,0.0,0.0,700.0,8837,0.242195078125,False,REGULAR,USD,call,2026-06-18,0.01,1.0
SPY260618C00970000,2026-05-01 14:35:11+00:00,970.0,0.01,0.0,0.01,0.0,0.0,25.0,5239,0.2461012890625,False,REGULAR,USD,call,2026-06-18,0.01,1.0
SPY260618C00975000,2026-04-24 14:26:45+00:00,975.0,0.01,0.0,0.01,0.0,0.0,10.0,3504,0.2500075,False,REGULAR,USD,call,2026-06-18,0.01,1.0
SPY260618C00980000,2026-04-24 14:25:23+00:00,980.0,0.01,0.0,0.01,0.0,0.0,10.0,4231,0.25391371093750004,False,REGULAR,USD,call,2026-06-18,0.01,1.0
SPY260618C00985000,2026-04-24 13:48:11+00:00,985.0,0.01,0.0,0.01,0.0,0.0,24.0,3288,0.257819921875,False,REGULAR,USD,call,2026-06-18,0.01,1.0
SPY260618C00990000,2026-04-24 13:48:21+00:00,990.0,0.01,0.0,0.01,0.0,0.0,17.0,3443,0.2617261328125,False,REGULAR,USD,call,2026-06-18,0.01,1.0
SPY260618C00995000,2026-04-30 17:45:14+00:00,995.0,0.01,0.0,0.01,0.0,0.0,9.0,2399,0.26563234375,False,REGULAR,USD,call,2026-06-18,0.01,1.0
SPY260618C01000000,2026-04-24 15:51:17+00:00,1000.0,0.01,0.0,0.01,0.0,0.0,1.0,3011,0.2695385546875,False,REGULAR,USD,call,2026-06-18,0.01,1.0
SPY260618P00245000,2026-05-05 17:54:39+00:00,245.0,0.01,0.01,0.02,0.0,0.0,814.0,42367,0.945313046875,False,REGULAR,USD,put,2026-06-18,0.015,0.6666666666666667
SPY260618P00250000,2026-05-06 14:21:28+00:00,250.0,0.01,0.01,0.02,-0.01,-33.333336,1.0,27339,0.929688203125,False,REGULAR,USD,put,2026-06-18,0.015,0.6666666666666667
SPY260618P00255000,2026-04-30 19:45:19+00:00,255.0,0.02,0.01,0.02,0.0,0.0,2477.0,4022,0.914063359375,False,REGULAR,USD,put,2026-06-18,0.015,0.6666666666666667
SPY260618P00260000,2026-05-05 19:56:47+00:00,260.0,0.02,0.01,0.02,0.0,0.0,1.0,5571,0.8906260937499999,False,REGULAR,USD,put,2026-06-18,0.015,0.6666666666666667
SPY260618P00265000,2026-05-04 14:21:58+00:00,265.0,0.02,0.01,0.02,0.0,0.0,1.0,2949,0.87500125,False,REGULAR,USD,put,2026-06-18,0.015,0.6666666666666667
SPY260618P00270000,2026-05-05 18:52:30+00:00,270.0,0.03,0.01,0.02,0.0,0.0,4367.0,11826,0.85937640625,False,REGULAR,USD,put,2026-06-18,0.015,0.6666666666666667
SPY260618P00275000,2026-05-05 20:02:06+00:00,275.0,0.02,0.01,0.02,0.0,0.0,3916.0,5760,0.8437515624999999,False,REGULAR,USD,put,2026-06-18,0.015,0.6666666666666667
SPY260618P00280000,2026-05-05 18:33:03+00:00,280.0,0.02,0.01,0.02,0.0,0.0,458.0,5101,0.8359391406249999,False,REGULAR,USD,put,2026-06-18,0.015,0.6666666666666667
SPY260618P00285000,2026-05-06 14:21:28+00:00,285.0,0.02,0.01,0.02,0.0,0.0,2.0,5444,0.8203142968749999,False,REGULAR,USD,put,2026-06-18,0.015,0.6666666666666667
SPY260618P00290000,2026-05-06 14:15:46+00:00,290.0,0.03,0.02,0.03,0.0,0.0,2.0,5333,0.8359391406249999,False,REGULAR,USD,put,2026-06-18,0.025,0.3999999999999999
SPY260618P00295000,2026-05-04 19:48:06+00:00,295.0,0.03,0.02,0.03,0.0,0.0,114.0,7123,0.8203142968749999,False,REGULAR,USD,put,2026-06-18,0.025,0.3999999999999999
SPY260618P00300000,2026-05-04 14:00:55+00:00,300.0,0.03,0.02,0.03,0.0,0.0,301.0,26461,0.804689453125,False,REGULAR,USD,put,2026-06-18,0.025,0.3999999999999999
SPY260618P00305000,2026-05-05 17:59:17+00:00,305.0,0.03,0.02,0.03,0.0,0.0,10.0,5046,0.7929708203125,False,REGULAR,USD,put,2026-06-18,0.025,0.3999999999999999
SPY260618P00310000,2026-05-05 16:48:08+00:00,310.0,0.03,0.02,0.03,0.0,0.0,6.0,4851,0.7773459765625,False,REGULAR,USD,put,2026-06-18,0.025,0.3999999999999999
SPY260618P00315000,2026-05-06 14:09:21+00:00,315.0,0.03,0.02,0.03,-0.01,-25.0,2.0,3136,0.7656273437500001,False,REGULAR,USD,put,2026-06-18,0.025,0.3999999999999999
SPY260618P00320000,2026-05-05 13:34:54+00:00,320.0,0.04,0.02,0.03,0.0,0.0,2.0,1345,0.7500025,False,REGULAR,USD,put,2026-06-18,0.025,0.3999999999999999
SPY260618P00325000,2026-05-06 14:00:27+00:00,325.0,0.03,0.03,0.04,-0.01,-25.0,400.0,3233,0.7578149218750001,False,REGULAR,USD,put,2026-06-18,0.035,0.28571428571428575
SPY260618P00330000,2026-05-05 13:54:37+00:00,330.0,0.04,0.03,0.04,0.0,0.0,400.0,2185,0.7421900781249999,False,REGULAR,USD,put,2026-06-18,0.035,0.28571428571428575
SPY260618P00335000,2026-05-05 18:33:48+00:00,335.0,0.04,0.03,0.04,0.0,0.0,602.0,1639,0.7304714453125,False,REGULAR,USD,put,2026-06-18,0.035,0.28571428571428575
SPY260618P00340000,2026-05-06 13:46:59+00:00,340.0,0.04,0.03,0.04,-0.010000002,-20.000002,40.0,3307,0.71679970703125,False,REGULAR,USD,put,2026-06-18,0.035,0.28571428571428575
SPY260618P00345000,2026-05-06 14:27:52+00:00,345.0,0.04,0.03,0.04,-0.010000002,-20.000002,86.0,4313,0.70312796875,False,REGULAR,USD,put,2026-06-18,0.035,0.28571428571428575
SPY260618P00350000,2026-05-06 14:17:47+00:00,350.0,0.05,0.04,0.05,0.0,0.0,959.0,15570,0.7070341796875,False,REGULAR,USD,put,2026-06-18,0.045,0.22222222222222227
SPY260618P00355000,2026-05-06 14:15:16+00:00,355.0,0.05,0.04,0.05,-0.009999998,-16.666662,74.0,2885,0.69336244140625,False,REGULAR,USD,put,2026-06-18,0.045,0.22222222222222227
SPY260618P00360000,2026-05-06 14:28:00+00:00,360.0,0.05,0.05,0.06,-0.02,-28.571428,140.0,10971,0.6914093359375001,False,REGULAR,USD,put,2026-06-18,0.055,0.18181818181818174
SPY260618P00365000,2026-05-06 14:13:52+00:00,365.0,0.05,0.05,0.06,-0.009999998,-16.666662,2.0,1694,0.6796907031250001,False,REGULAR,USD,put,2026-06-18,0.055,0.18181818181818174
SPY260618P00370000,2026-05-06 13:49:45+00:00,370.0,0.05,0.05,0.06,-0.009999998,-16.666662,11.0,1498,0.6679720703125002,False,REGULAR,USD,put,2026-06-18,0.055,0.18181818181818174
SPY260618P00375000,2026-05-06 14:15:15+00:00,375.0,0.06,0.05,0.06,-0.010000002,-14.285716,34.0,2976,0.6543003320312502,False,REGULAR,USD,put,2026-06-18,0.055,0.18181818181818174
SPY260618P00380000,2026-05-06 14:27:58+00:00,380.0,0.05,0.05,0.06,-0.009999998,-16.666662,60.0,1473,0.6425816992187501,False,REGULAR,USD,put,2026-06-18,0.055,0.18181818181818174
SPY260618P00385000,2026-05-06 13:30:01+00:00,385.0,0.06,0.06,0.07,-0.010000002,-14.285716,2.0,9918,0.64062859375,False,REGULAR,USD,put,2026-06-18,0.065,0.15384615384615397
SPY260618P00390000,2026-05-06 13:55:17+00:00,390.0,0.07,0.06,0.07,0.0,0.0,1.0,1228,0.6289099609375001,False,REGULAR,USD,put,2026-06-18,0.065,0.15384615384615397
SPY260618P00395000,2026-05-06 14:15:33+00:00,395.0,0.08,0.07,0.08,0.0,0.0,2.0,1691,0.6250037500000001,False,REGULAR,USD,put,2026-06-18,0.07500000000000001,0.13333333333333325
SPY260618P00400000,2026-05-06 13:59:43+00:00,400.0,0.08,0.07,0.08,-0.010000005,-11.111116,41.0,19845,0.6123085644531252,False,REGULAR,USD,put,2026-06-18,0.07500000000000001,0.13333333333333325
SPY260618P00405000,2026-05-05 19:50:32+00:00,405.0,0.09,0.08,0.09,0.0,0.0,13.0,1126,0.6074258007812501,False,REGULAR,USD,put,2026-06-18,0.08499999999999999,0.11764705882352937
SPY260618P00410000,2026-05-06 13:35:51+00:00,410.0,0.08,0.08,0.09,-0.049999997,-38.461536,1.0,6591,0.59570716796875,False,REGULAR,USD,put,2026-06-18,0.08499999999999999,0.11764705882352937
SPY260618P00415000,2026-05-06 13:41:22+00:00,415.0,0.1,0.08,0.1,-0.019999996,-16.666662,3.0,1231,0.58789474609375,False,REGULAR,USD,put,2026-06-18,0.09,0.22222222222222227
SPY260618P00420000,2026-05-05 13:30:55+00:00,420.0,0.1,0.1,0.11,-0.019999996,-16.666662,5.0,15820,0.584965087890625,False,REGULAR,USD,put,2026-06-18,0.10500000000000001,0.09523809523809518
SPY260618P00425000,2026-05-05 17:54:48+00:00,425.0,0.13,0.1,0.11,0.0,0.0,38.0,25748,0.5732464550781251,False,REGULAR,USD,put,2026-06-18,0.10500000000000001,0.09523809523809518
SPY260618P00430000,2026-05-06 13:45:53+00:00,430.0,0.13,0.1,0.11,0.0,0.0,7.0,4913,0.5625043750000001,False,REGULAR,USD,put,2026-06-18,0.10500000000000001,0.09523809523809518
SPY260618P00435000,2026-05-05 15:33:49+00:00,435.0,0.14,0.11,0.12,0.0,0.0,1.0,5225,0.5556685058593751,False,REGULAR,USD,put,2026-06-18,0.11499999999999999,0.0869565217391304
SPY260618P00440000,2026-05-05 19:37:58+00:00,440.0,0.15,0.12,0.13,0.0,0.0,32.0,7894,0.5488326367187502,False,REGULAR,USD,put,2026-06-18,0.125,0.08000000000000007
SPY260618P00445000,2026-05-06 13:52:49+00:00,445.0,0.14,0.13,0.14,-0.019999996,-12.499997,1.0,4398,0.5419967675781252,False,REGULAR,USD,put,2026-06-18,0.135,0.07407407407407414
SPY260618P00450000,2026-05-06 14:16:51+00:00,450.0,0.15,0.13,0.14,-0.019999996,-11.764703,34.0,23128,0.5312546875,False,REGULAR,USD,put,2026-06-18,0.135,0.07407407407407414
SPY260618P00455000,2026-05-04 19:53:55+00:00,455.0,0.22,0.14,0.15,0.0,0.0,19.0,2311,0.5239305419921875,False,REGULAR,USD,put,2026-06-18,0.14500000000000002,0.06896551724137917
SPY260618P00460000,2026-05-06 13:58:40+00:00,460.0,0.16,0.15,0.16,-0.030000001,-15.789474,1.0,9384,0.516606396484375,False,REGULAR,USD,put,2026-06-18,0.155,0.06451612903225812
SPY260618P00465000,2026-05-06 14:22:28+00:00,465.0,0.17,0.16,0.17,-0.010000005,-5.26316,60.0,3475,0.508793974609375,False,REGULAR,USD,put,2026-06-18,0.165,0.060606060606060656
SPY260618P00470000,2026-05-05 19:57:16+00:00,470.0,0.19,0.17,0.18,-0.030000001,-13.636364,10.0,6739,0.5009815527343751,False,REGULAR,USD,put,2026-06-18,0.175,0.05714285714285704
SPY260618P00475000,2026-05-06 14:23:12+00:00,475.0,0.2,0.18,0.19,-0.00999999,-4.7619004,2.0,10182,0.4946339599609375,False,REGULAR,USD,put,2026-06-18,0.185,0.054054054054054106
SPY260618P00480000,2026-05-06 13:48:49+00:00,480.0,0.21,0.2,0.21,-0.030000001,-12.5,100.0,113699,0.4892629199218751,False,REGULAR,USD,put,2026-06-18,0.20500000000000002,0.04878048780487795
SPY260618P00485000,2026-05-05 18:13:06+00:00,485.0,0.24,0.21,0.22,0.0,0.0,59.0,8809,0.4809622216796875,False,REGULAR,USD,put,2026-06-18,0.215,0.046511627906976785
SPY260618P00490000,2026-05-06 14:11:54+00:00,490.0,0.23,0.22,0.23,-0.049999997,-17.857141,110.0,2596,0.4726615234375,False,REGULAR,USD,put,2026-06-18,0.225,0.04444444444444448
SPY260618P00495000,2026-05-06 13:30:04+00:00,495.0,0.24,0.23,0.24,-0.060000017,-20.000006,3.0,2690,0.4643608251953125,False,REGULAR,USD,put,2026-06-18,0.235,0.042553191489361625
SPY260618P00500000,2026-05-06 14:27:37+00:00,500.0,0.25,0.25,0.26,-0.060000002,-18.181818,53.0,31953,0.4580132324218751,False,REGULAR,USD,put,2026-06-18,0.255,0.03921568627450984
SPY260618P00505000,2026-05-06 14:21:02+00:00,505.0,0.28,0.26,0.27,-0.02000001,-6.6666694,3.0,5883,0.44922425781249997,False,REGULAR,USD,put,2026-06-18,0.265,0.03773584905660381
SPY260618P00510000,2026-05-06 13:50:44+00:00,510.0,0.29,0.28,0.29,-0.030000001,-9.375,13.0,10068,0.442388388671875,False,REGULAR,USD,put,2026-06-18,0.28500000000000003,0.035087719298245446
SPY260618P00515000,2026-05-06 13:30:00+00:00,515.0,0.33,0.29,0.3,-0.07999998,-19.51219,10.0,6120,0.4335994140625,False,REGULAR,USD,put,2026-06-18,0.295,0.0338983050847458
SPY260618P00520000,2026-05-06 14:24:19+00:00,520.0,0.32,0.31,0.32,-0.04000002,-11.111116,68.0,13448,0.42627526855468756,False,REGULAR,USD,put,2026-06-18,0.315,0.03174603174603177
SPY260618P00525000,2026-05-06 14:07:24+00:00,525.0,0.36,0.33,0.34,-0.00999999,-2.7027001,4.0,13518,0.418951123046875,False,REGULAR,USD,put,2026-06-18,0.335,0.02985074626865674
SPY260618P00530000,2026-05-06 14:12:13+00:00,530.0,0.36,0.35,0.36,-0.03999999,-9.999997,4.0,215298,0.41138283935546877,False,REGULAR,USD,put,2026-06-18,0.355,0.028169014084507067
SPY260618P00535000,2026-05-06 13:44:21+00:00,535.0,0.39,0.37,0.38,-0.04000002,-9.30233,14.0,8005,0.4035704174804688,False,REGULAR,USD,put,2026-06-18,0.375,0.02666666666666669
SPY260618P00540000,2026-05-05 19:42:15+00:00,540.0,0.45,0.39,0.4,0.0,0.0,247.0,8093,0.3957579956054688,False,REGULAR,USD,put,2026-06-18,0.395,0.025316455696202552
SPY260618P00545000,2026-05-06 13:49:27+00:00,545.0,0.44,0.42,0.43,-0.050000012,-10.204083,35.0,3767,0.38892212646484375,False,REGULAR,USD,put,2026-06-18,0.425,0.023529411764705903
SPY260618P00550000,2026-05-06 14:23:20+00:00,550.0,0.46,0.44,0.45,-0.06999996,-13.2075405,301.0,51973,0.38086556640624997,False,REGULAR,USD,put,2026-06-18,0.445,0.02247191011235957
SPY260618P00555000,2026-05-06 14:03:33+00:00,555.0,0.5,0.47,0.48,-0.050000012,-9.090911,10.0,8864,0.37354142089843745,False,REGULAR,USD,put,2026-06-18,0.475,0.02105263157894739
SPY260618P00560000,2026-05-06 14:16:19+00:00,560.0,0.52,0.5,0.51,-0.09000003,-14.754105,36.0,12675,0.366217275390625,False,REGULAR,USD,put,2026-06-18,0.505,0.01980198019801982
SPY260618P00565000,2026-05-06 14:28:07+00:00,565.0,0.53,0.53,0.54,-0.09000003,-14.516135,54.0,6334,0.35864899169921877,False,REGULAR,USD,put,2026-06-18,0.535,0.018691588785046745
SPY260618P00570000,2026-05-06 14:33:00+00:00,570.0,0.57,0.57,0.58,-0.06999999,-10.76923,28.0,19393,0.3518131225585937,False,REGULAR,USD,put,2026-06-18,0.575,0.017391304347826105
SPY260618P00575000,2026-05-06 14:27:32+00:00,575.0,0.62,0.6,0.61,-0.120000005,-16.216215,32.0,19408,0.3437565625,False,REGULAR,USD,put,2026-06-18,0.605,0.016528925619834725
SPY260618P00580000,2026-05-06 14:28:27+00:00,580.0,0.66,0.65,0.67,-0.13,-16.455696,155.0,124308,0.33801931518554684,False,REGULAR,USD,put,2026-06-18,0.66,0.030303030303030328
SPY260618P00585000,2026-05-06 14:14:44+00:00,585.0,0.72,0.7,0.71,-0.07999998,-9.999997,14.0,44970,0.3303289624023437,False,REGULAR,USD,put,2026-06-18,0.705,0.014184397163120581
SPY260618P00590000,2026-05-06 14:35:54+00:00,590.0,0.74,0.74,0.75,-0.17000002,-18.68132,23.0,18170,0.3225165405273437,False,REGULAR,USD,put,2026-06-18,0.745,0.01342281879194632
SPY260618P00595000,2026-05-06 13:53:36+00:00,595.0,0.86,0.79,0.81,-0.120000005,-12.244898,40.0,44598,0.31580274047851553,False,REGULAR,USD,put,2026-06-18,0.8,0.025000000000000022
SPY260618P00600000,2026-05-06 14:35:42+00:00,600.0,0.86,0.86,0.87,-0.18999994,-18.095234,1006.0,85050,0.3087227331542969,False,REGULAR,USD,put,2026-06-18,0.865,0.011560693641618507
SPY260618P00605000,2026-05-06 14:17:39+00:00,605.0,0.96,0.92,0.93,-0.13000005,-11.92661,263.0,18694,0.3013985876464844,False,REGULAR,USD,put,2026-06-18,0.925,0.01081081081081082
SPY260618P00610000,2026-05-06 14:28:04+00:00,610.0,0.99,0.99,1.01,-0.22000003,-18.18182,311.0,28184,0.29480685668945306,False,REGULAR,USD,put,2026-06-18,1.0,0.020000000000000018
SPY260618P00615000,2026-05-06 14:23:42+00:00,615.0,1.1,1.06,1.08,-0.16999996,-13.385824,290.0,15205,0.2873606420898437,False,REGULAR,USD,put,2026-06-18,1.07,0.018691588785046745
SPY260618P00620000,2026-05-06 14:31:52+00:00,620.0,1.18,1.16,1.18,-0.2700001,-18.620695,200.0,45591,0.2810130493164062,False,REGULAR,USD,put,2026-06-18,1.17,0.01709401709401711
SPY260618P00625000,2026-05-06 14:10:14+00:00,625.0,1.3,1.26,1.28,-0.2800001,-17.721525,45.0,26134,0.27423821472167964,False,REGULAR,USD,put,2026-06-18,1.27,0.015748031496063006
SPY260618P00630000,2026-05-06 14:35:04+00:00,630.0,1.38,1.36,1.38,-0.33000004,-19.298248,775.0,56478,0.2670361383056641,False,REGULAR,USD,put,2026-06-18,1.37,0.014598540145985252
SPY260618P00635000,2026-05-06 14:35:07+00:00,635.0,1.5,1.49,1.5,-0.37,-19.786097,43.0,17953,0.2601392346191406,False,REGULAR,USD,put,2026-06-18,1.495,0.006688963210702346
SPY260618P00640000,2026-05-06 14:34:03+00:00,640.0,1.65,1.64,1.66,-0.39999998,-19.512194,304.0,28194,0.2542188836669922,False,REGULAR,USD,put,2026-06-18,1.65,0.012121212121212133
SPY260618P00645000,2026-05-06 14:36:07+00:00,645.0,1.79,1.79,1.8,-0.47000003,-20.796461,272.0,12631,0.24701680725097658,False,REGULAR,USD,put,2026-06-18,1.795,0.005571030640668529
SPY260618P00650000,2026-05-06 14:34:11+00:00,650.0,1.99,1.97,2.0,-0.51,-20.4,4881.0,74456,0.24109645629882812,False,REGULAR,USD,put,2026-06-18,1.9849999999999999,0.0151133501259446
SPY260618P00655000,2026-05-06 14:34:30+00:00,655.0,2.19,2.18,2.2,-0.5799999,-20.938625,264.0,16300,0.2345657598876953,False,REGULAR,USD,put,2026-06-18,2.1900000000000004,0.009132420091324207
SPY260618P00660000,2026-05-06 14:36:29+00:00,660.0,2.43,2.42,2.43,-0.63999987,-20.8469,2206.0,67165,0.22809609802246095,False,REGULAR,USD,put,2026-06-18,2.425,0.004123711340206281
SPY260618P00661000,2026-05-06 14:15:10+00:00,661.0,2.52,2.46,2.48,-0.5,-16.556292,6.0,459,0.2268143725585937,False,REGULAR,USD,put,2026-06-18,2.4699999999999998,0.008097165991902843
SPY260618P00662000,2026-05-06 14:34:30+00:00,662.0,2.53,2.51,2.54,-0.61000013,-19.426756,15.0,486,0.22574626800537106,False,REGULAR,USD,put,2026-06-18,2.525,0.01188118811881198
SPY260618P00663000,2026-05-06 14:09:09+00:00,663.0,2.7,2.57,2.6,-0.45000005,-14.285715,46.0,494,0.22461712890624996,False,REGULAR,USD,put,2026-06-18,2.585,0.011605415860735106
SPY260618P00664000,2026-05-06 14:33:15+00:00,664.0,2.62,2.64,2.66,-0.6200001,-19.135805,26.0,1275,0.2235185070800781,False,REGULAR,USD,put,2026-06-18,2.6500000000000004,0.00754716981132076
SPY260618P00665000,2026-05-06 14:34:56+00:00,665.0,2.69,2.68,2.71,-0.75,-21.802324,240.0,14362,0.222114712524414,False,REGULAR,USD,put,2026-06-18,2.6950000000000003,0.01113172541743963
SPY260618P00666000,2026-05-06 14:12:21+00:00,666.0,2.83,2.74,2.77,-0.53999996,-16.023739,6.0,453,0.22089402160644528,False,REGULAR,USD,put,2026-06-18,2.755,0.01088929219600719
SPY260618P00667000,2026-05-06 14:33:15+00:00,667.0,2.83,2.8,2.83,-0.75,-20.94972,898.0,502,0.21964281341552733,False,REGULAR,USD,put,2026-06-18,2.815,0.010657193605683925
SPY260618P00668000,2026-05-06 14:07:19+00:00,668.0,3.09,2.87,2.9,-0.45000005,-12.711865,26.0,375,0.21857470886230468,False,REGULAR,USD,put,2026-06-18,2.885,0.010398613518197507
SPY260618P00669000,2026-05-06 14:28:32+00:00,669.0,2.95,2.91,2.94,-0.78999996,-21.122995,199.0,598,0.21686574157714844,False,REGULAR,USD,put,2026-06-18,2.925,0.01025641025641019
SPY260618P00670000,2026-05-06 14:36:29+00:00,670.0,3.0,2.99,3.01,-0.76,-20.212767,368.0,27756,0.21573660247802734,False,REGULAR,USD,put,2026-06-18,3.0,0.006666666666666525
SPY260618P00671000,2026-05-06 13:37:14+00:00,671.0,3.17,3.06,3.08,-0.63999987,-16.797897,3.0,651,0.21454642883300779,False,REGULAR,USD,put,2026-06-18,3.0700000000000003,0.0065146579804560316
SPY260618P00672000,2026-05-06 14:28:22+00:00,672.0,3.15,3.13,3.15,-0.88999987,-22.0297,4.0,423,0.2133562551879883,False,REGULAR,USD,put,2026-06-18,3.1399999999999997,0.006369426751592363
SPY260618P00673000,2026-05-06 14:36:03+00:00,673.0,3.21,3.19,3.22,-0.88999987,-21.707314,100.0,300,0.21210504699707028,False,REGULAR,USD,put,2026-06-18,3.205,0.009360374414976676
SPY260618P00674000,2026-05-06 14:34:12+00:00,674.0,3.3,3.27,3.29,-0.9100001,-21.615204,14.0,342,0.21085383880615233,False,REGULAR,USD,put,2026-06-18,3.2800000000000002,0.006097560975609761
SPY260618P00675000,2026-05-06 14:35:09+00:00,675.0,3.34,3.33,3.36,-0.8900001,-21.040192,400.0,25573,0.20954159606933592,False,REGULAR,USD,put,2026-06-18,3.3449999999999998,0.008968609865470795
SPY260618P00676000,2026-05-06 14:33:12+00:00,676.0,3.42,3.41,3.44,-0.80999994,-19.148933,5.0,1869,0.20838193969726557,False,REGULAR,USD,put,2026-06-18,3.425,0.008759124087591184
SPY260618P00677000,2026-05-06 14:33:12+00:00,677.0,3.5,3.5,3.53,-1.04,-22.90749,108.0,653,0.2073748696899414,False,REGULAR,USD,put,2026-06-18,3.5149999999999997,0.008534850640113743
SPY260618P00678000,2026-05-06 14:35:54+00:00,678.0,3.59,3.57,3.59,-0.97,-21.27193,31.0,1400,0.20575745422363279,False,REGULAR,USD,put,2026-06-18,3.58,0.005586592178770954
SPY260618P00679000,2026-05-06 14:33:18+00:00,679.0,3.68,3.66,3.68,-1.03,-21.868364,15.0,512,0.20468934967041014,False,REGULAR,USD,put,2026-06-18,3.67,0.005449591280653956
SPY260618P00680000,2026-05-06 14:36:07+00:00,680.0,3.76,3.75,3.77,-1.0200002,-21.338917,1143.0,66487,0.20356021057128904,False,REGULAR,USD,put,2026-06-18,3.76,0.005319148936170218
SPY260618P00681000,2026-05-06 14:32:42+00:00,681.0,3.85,3.83,3.86,-1.1500001,-23.000002,23.0,394,0.20237003692626948,False,REGULAR,USD,put,2026-06-18,3.8449999999999998,0.007802340702210613
SPY260618P00682000,2026-05-06 14:30:12+00:00,682.0,3.99,3.92,3.95,-1.0699999,-21.146244,524.0,4756,0.20114934600830076,False,REGULAR,USD,put,2026-06-18,3.935,0.007623888182973379
SPY260618P00683000,2026-05-06 14:26:51+00:00,683.0,4.05,4.02,4.05,-1.0999999,-21.35922,280.0,1680,0.20005072418212888,False,REGULAR,USD,put,2026-06-18,4.035,0.007434944237918277
SPY260618P00684000,2026-05-06 14:28:38+00:00,684.0,4.14,4.1,4.12,-0.96000004,-18.82353,5.0,3432,0.1984333087158203,False,REGULAR,USD,put,2026-06-18,4.109999999999999,0.004866180048661913
SPY260618P00685000,2026-05-06 14:35:09+00:00,685.0,4.22,4.2,4.23,-1.1500001,-21.415272,294.0,20533,0.19739572143554687,False,REGULAR,USD,put,2026-06-18,4.215,0.007117437722419988
SPY260618P00686000,2026-05-06 13:48:15+00:00,686.0,4.58,4.29,4.32,-0.74000025,-13.909779,7.0,8480,0.19602244415283204,False,REGULAR,USD,put,2026-06-18,4.305,0.0069686411149826365
SPY260618P00687000,2026-05-06 14:28:39+00:00,687.0,4.45,4.42,4.45,-1.27,-22.202799,12.0,754,0.19522899505615232,False,REGULAR,USD,put,2026-06-18,4.4350000000000005,0.006764374295377733
SPY260618P00688000,2026-05-06 14:33:12+00:00,688.0,4.52,4.5,4.53,-1.2199998,-21.254353,9134.0,9562,0.19361157958984376,False,REGULAR,USD,put,2026-06-18,4.515000000000001,0.006644518272425303
SPY260618P00689000,2026-05-06 14:22:56+00:00,689.0,4.71,4.61,4.64,-0.9899998,-17.368418,60.0,423,0.1924214059448242,False,REGULAR,USD,put,2026-06-18,4.625,0.006486486486486348
SPY260618P00690000,2026-05-06 14:33:57+00:00,690.0,4.78,4.73,4.75,-1.23,-20.465889,1098.0,30286,0.19117019775390626,False,REGULAR,USD,put,2026-06-18,4.74,0.004219409282700331
SPY260618P00691000,2026-05-06 14:06:02+00:00,691.0,5.13,4.84,4.87,-1.0999999,-17.6565,49.0,781,0.19001054138183598,False,REGULAR,USD,put,2026-06-18,4.855,0.006179196704428475
SPY260618P00692000,2026-05-06 14:34:01+00:00,692.0,5.01,4.98,5.01,-1.0799999,-17.733988,29.0,1550,0.18912554046630858,False,REGULAR,USD,put,2026-06-18,4.995,0.006006006006005878
SPY260618P00693000,2026-05-06 14:29:11+00:00,693.0,5.12,5.08,5.11,-1.4300003,-21.832066,11207.0,1389,0.18756915954589842,False,REGULAR,USD,put,2026-06-18,5.095000000000001,0.005888125613346466
SPY260618P00694000,2026-05-06 14:20:21+00:00,694.0,5.34,5.2,5.23,-1.06,-16.562498,39.0,1198,0.18628743408203124,False,REGULAR,USD,put,2026-06-18,5.215,0.005752636625119894
SPY260618P00695000,2026-05-06 14:36:07+00:00,695.0,5.36,5.33,5.36,-1.4000001,-20.71006,3260.0,16862,0.1850972604370117,False,REGULAR,USD,put,2026-06-18,5.345000000000001,0.005612722170252618
SPY260618P00696000,2026-05-06 14:34:19+00:00,696.0,5.5,5.48,5.51,-1.4699998,-21.090385,7.0,1760,0.18412070770263672,False,REGULAR,USD,put,2026-06-18,5.495,0.005459508644221903
SPY260618P00697000,2026-05-06 14:28:36+00:00,697.0,5.67,5.62,5.65,-1.52,-21.140472,47.0,2920,0.1829610513305664,False,REGULAR,USD,put,2026-06-18,5.635,0.005323868677905989
SPY260618P00698000,2026-05-06 14:28:39+00:00,698.0,5.8,5.75,5.78,-1.5799999,-21.409214,47.0,641,0.18158777404785154,False,REGULAR,USD,put,2026-06-18,5.765000000000001,0.005203816131830051
SPY260618P00699000,2026-05-06 14:35:28+00:00,699.0,5.91,5.9,5.91,-1.31,-18.144045,86.0,808,0.1801839794921875,False,REGULAR,USD,put,2026-06-18,5.905,0.0016934801016087698
SPY260618P00700000,2026-05-06 14:36:43+00:00,700.0,6.05,6.03,6.07,-1.6099997,-20.990871,12608.0,52213,0.17913113357543942,False,REGULAR,USD,put,2026-06-18,6.050000000000001,0.006611570247933889
SPY260618P00701000,2026-05-06 14:33:43+00:00,701.0,6.22,6.2,6.23,-1.7900004,-22.34707,274.0,899,0.17801725311279298,False,REGULAR,USD,put,2026-06-18,6.215,0.0048270313757039825
SPY260618P00702000,2026-05-06 14:29:11+00:00,702.0,6.4,6.34,6.38,-1.7199998,-21.182264,11.0,478,0.17670501037597658,False,REGULAR,USD,put,2026-06-18,6.359999999999999,0.006289308176100635
SPY260618P00703000,2026-05-06 14:28:39+00:00,703.0,6.59,6.53,6.56,-1.8400002,-21.82681,31.0,490,0.17571319900512694,False,REGULAR,USD,put,2026-06-18,6.545,0.004583651642475074
SPY260618P00704000,2026-05-06 14:28:36+00:00,704.0,6.75,6.67,6.7,-1.75,-20.588236,17.0,679,0.17417207672119145,False,REGULAR,USD,put,2026-06-18,6.6850000000000005,0.004487658937920755
SPY260618P00705000,2026-05-06 14:35:37+00:00,705.0,6.89,6.85,6.86,-1.7599998,-20.346819,2361.0,20687,0.1727987994384766,False,REGULAR,USD,put,2026-06-18,6.855,0.0014587892049599818
SPY260618P00706000,2026-05-06 14:35:37+00:00,706.0,7.07,7.02,7.06,-1.9500003,-21.618628,3.0,998,0.17188328125000002,False,REGULAR,USD,put,2026-06-18,7.039999999999999,0.005681818181818187
SPY260618P00707000,2026-05-06 14:28:36+00:00,707.0,7.28,7.19,7.23,-1.8799996,-20.524015,49.0,560,0.17052526260375983,False,REGULAR,USD,put,2026-06-18,7.210000000000001,0.005547850208044387
SPY260618P00708000,2026-05-06 14:28:32+00:00,708.0,7.48,7.39,7.42,-1.9199996,-20.425528,33.0,645,0.16935034759521483,False,REGULAR,USD,put,2026-06-18,7.404999999999999,0.004051316677920358
SPY260618P00709000,2026-05-06 14:36:03+00:00,709.0,7.63,7.6,7.63,-1.9799995,-20.603535,156.0,1435,0.16834327758789067,False,REGULAR,USD,put,2026-06-18,7.615,0.003939592908732797
SPY260618P00710000,2026-05-06 14:36:18+00:00,710.0,7.8,7.79,7.82,-2.0299997,-20.651066,3844.0,26099,0.16703103485107423,False,REGULAR,USD,put,2026-06-18,7.805,0.0038436899423446827
SPY260618P00711000,2026-05-06 14:30:24+00:00,711.0,8.17,7.97,8.0,-2.12,-20.602526,87.0,1282,0.16553568847656253,False,REGULAR,USD,put,2026-06-18,7.984999999999999,0.003757044458359455
SPY260618P00712000,2026-05-06 14:17:18+00:00,712.0,8.38,8.18,8.22,-1.6999998,-16.865078,209.0,1279,0.16443706665039062,False,REGULAR,USD,put,2026-06-18,8.2,0.004878048780487918
SPY260618P00713000,2026-05-06 14:35:14+00:00,713.0,8.45,8.41,8.44,-2.2300005,-20.880154,133.0,2042,0.16327741027832032,False,REGULAR,USD,put,2026-06-18,8.425,0.0035608308605340486
SPY260618P00714000,2026-05-06 14:35:37+00:00,714.0,8.69,8.65,8.68,-2.3200006,-21.071758,224.0,2091,0.16223982299804687,False,REGULAR,USD,put,2026-06-18,8.665,0.0034622042700518598
SPY260618P00715000,2026-05-06 14:36:12+00:00,715.0,8.89,8.85,8.88,-2.2699995,-20.340498,8866.0,25775,0.16071395935058597,False,REGULAR,USD,put,2026-06-18,8.865,0.0033840947546532585
SPY260618P00716000,2026-05-06 14:35:00+00:00,716.0,9.14,9.11,9.16,-2.3399992,-20.38327,132.0,1501,0.15996628616333008,False,REGULAR,USD,put,2026-06-18,9.135,0.005473453749315896
SPY260618P00717000,2026-05-06 14:15:17+00:00,717.0,9.61,9.35,9.39,-1.8500004,-16.143108,43.0,1737,0.15860826751708984,False,REGULAR,USD,put,2026-06-18,9.370000000000001,0.004268943436499565
SPY260618P00718000,2026-05-06 14:35:02+00:00,718.0,9.64,9.59,9.63,-2.4299994,-20.132555,181.0,3353,0.15728076614379882,False,REGULAR,USD,put,2026-06-18,9.61,0.004162330905307069
SPY260618P00719000,2026-05-06 14:35:02+00:00,719.0,9.91,9.85,9.88,-2.58,-20.656525,326.0,1327,0.15598378204345703,False,REGULAR,USD,put,2026-06-18,9.865,0.0030410542321339215
SPY260618P00720000,2026-05-06 14:35:31+00:00,720.0,10.14,10.13,10.16,-2.5299997,-19.968428,883.0,10355,0.1549156774902344,False,REGULAR,USD,put,2026-06-18,10.145,0.002957121734844688
SPY260618P00721000,2026-05-06 14:27:59+00:00,721.0,10.51,10.39,10.43,-2.7199993,-20.559332,182.0,875,0.15366446929931643,False,REGULAR,USD,put,2026-06-18,10.41,0.0038424591738711955
SPY260618P00722000,2026-05-06 14:35:24+00:00,722.0,10.72,10.68,10.72,-2.7599993,-20.474773,374.0,971,0.15253533020019533,False,REGULAR,USD,put,2026-06-18,10.7,0.0037383177570094323
SPY260618P00723000,2026-05-06 14:27:40+00:00,723.0,11.09,10.96,11.0,-2.79,-20.100864,66.0,3682,0.15122308746337892,False,REGULAR,USD,put,2026-06-18,10.98,0.003642987249544549
SPY260618P00724000,2026-05-06 14:35:30+00:00,724.0,11.3,11.29,11.32,-2.88,-20.310295,202.0,534,0.15021601745605473,False,REGULAR,USD,put,2026-06-18,11.305,0.002653693056169937
SPY260618P00725000,2026-05-06 14:36:34+00:00,725.0,11.61,11.57,11.61,-2.8500004,-19.709545,7849.0,1606,0.1488274815368652,False,REGULAR,USD,put,2026-06-18,11.59,0.0034512510785158885
SPY260618P00726000,2026-05-06 14:20:23+00:00,726.0,12.31,11.9,11.94,-2.6699991,-17.82376,83.0,394,0.147744118347168,False,REGULAR,USD,put,2026-06-18,11.92,0.0033557046979865056
SPY260618P00727000,2026-05-06 14:31:55+00:00,727.0,12.42,12.25,12.28,-2.9899998,-19.402983,81.0,370,0.1466760137939453,False,REGULAR,USD,put,2026-06-18,12.265,0.0024459845087647257
SPY260618P00728000,2026-05-06 14:36:00+00:00,728.0,12.63,12.58,12.62,-3.1999998,-20.21478,286.0,334,0.1455010987854004,False,REGULAR,USD,put,2026-06-18,12.6,0.003174603174603107
SPY260618P00729000,2026-05-06 14:33:43+00:00,729.0,12.97,12.91,12.95,-2.7799997,-17.650791,427.0,156,0.14414308013916016,False,REGULAR,USD,put,2026-06-18,12.93,0.0030935808197988515
SPY260618P00730000,2026-05-06 14:35:23+00:00,730.0,13.32,13.31,13.34,-3.4899998,-20.76145,1015.0,1213,0.14325807922363282,False,REGULAR,USD,put,2026-06-18,13.325,0.0022514071294558622
SPY260618P00731000,2026-05-06 14:35:37+00:00,731.0,13.74,13.68,13.71,-3.0699997,-18.262938,235.0,235,0.14208316421508788,False,REGULAR,USD,put,2026-06-18,13.695,0.0021905805038335987
SPY260618P00732000,2026-05-06 14:26:09+00:00,732.0,14.21,14.04,14.08,-7.2300005,-33.722015,150.0,430,0.1408014387512207,False,REGULAR,USD,put,2026-06-18,14.059999999999999,0.002844950213371332
SPY260618P00733000,2026-05-06 14:35:45+00:00,733.0,14.52,14.48,14.52,-4.129999,-22.144768,21.0,115,0.14009954147338866,True,REGULAR,USD,put,2026-06-18,14.5,0.0027586206896551137
SPY260618P00734000,2026-05-06 14:14:15+00:00,734.0,15.35,14.85,14.89,-3.6499996,-19.210526,80.0,22,0.13860419509887695,True,REGULAR,USD,put,2026-06-18,14.870000000000001,0.0026899798251513733
SPY260618P00735000,2026-05-06 14:35:50+00:00,735.0,15.34,15.27,15.32,-4.0200005,-20.764465,103.0,943,0.13758186645507814,True,REGULAR,USD,put,2026-06-18,15.295,0.0032690421706440477
SPY260618P00736000,2026-05-06 14:31:07+00:00,736.0,16.05,15.73,15.77,-3.1500015,-16.406258,45.0,31,0.13665108963012695,True,REGULAR,USD,put,2026-06-18,15.75,0.0025396825396824855
SPY260618P00739000,2026-05-01 13:55:20+00:00,739.0,21.69,17.01,17.2,0.0,0.0,1.0,1,0.13391979370117188,True,REGULAR,USD,put,2026-06-18,17.105,0.011107863197895218
SPY260618P00740000,2026-05-06 14:27:06+00:00,740.0,17.8,17.55,17.74,-4.09,-18.684332,371.0,267,0.13341625869750978,True,REGULAR,USD,put,2026-06-18,17.645,0.010767922924341044
SPY260618P00741000,2026-05-04 14:08:51+00:00,741.0,24.82,18.04,18.22,0.0,0.0,1.0,2,0.13216505050659183,True,REGULAR,USD,put,2026-06-18,18.13,0.009928295642581342
SPY260618P00743000,2026-05-05 18:03:33+00:00,743.0,23.37,19.04,19.25,0.0,0.0,2.0,14,0.12999832412719725,True,REGULAR,USD,put,2026-06-18,19.145,0.010968921389396754
SPY260618P00744000,2026-05-05 19:58:36+00:00,744.0,24.39,19.56,19.83,0.0,0.0,3.0,4,0.1293879786682129,True,REGULAR,USD,put,2026-06-18,19.695,0.013709063214013687
SPY260618P00745000,2026-05-06 14:33:31+00:00,745.0,20.38,20.15,20.33,-4.620001,-18.480003,30.0,96,0.1278010804748535,True,REGULAR,USD,put,2026-06-18,20.24,0.008893280632411054
SPY260618P00746000,2026-05-05 19:51:25+00:00,746.0,25.56,20.77,21.04,0.0,0.0,24.0,38,0.1283046154785156,True,REGULAR,USD,put,2026-06-18,20.905,0.01291557043769431
SPY260618P00750000,2026-05-06 14:36:27+00:00,750.0,23.33,23.15,23.36,-5.33,-18.59735,107.0,121,0.12333029998779299,True,REGULAR,USD,put,2026-06-18,23.255,0.009030316061062174
SPY260618P00751000,2026-05-06 14:15:47+00:00,751.0,24.58,22.7,24.17,-5.960001,-19.515392,14.0,8,0.1243373699951172,True,REGULAR,USD,put,2026-06-18,23.435000000000002,0.06272669084702379
SPY260618P00755000,2026-05-06 14:33:31+00:00,755.0,26.9,25.44,26.86,-5.42,-16.769802,243.0,250,0.12062952133178712,True,REGULAR,USD,put,2026-06-18,26.15,0.05430210325047794
SPY260618P00760000,2026-05-06 14:24:02+00:00,760.0,31.31,30.47,30.65,-5.3099995,-14.500272,236.0,251,0.11795925994873047,True,REGULAR,USD,put,2026-06-18,30.56,0.005890052356020933
SPY260618P00765000,2026-05-06 14:32:42+00:00,765.0,34.96,34.53,36.54,-61.809998,-63.873104,25.0,0,0.14368532104492188,True,REGULAR,USD,put,2026-06-18,35.535,0.05656395103419159
SPY260618P00770000,2026-05-06 14:23:23+00:00,770.0,40.17,38.09,40.92,-6.2300034,-13.426732,11.0,3,0.14713377288818358,True,REGULAR,USD,put,2026-06-18,39.505,0.07163650170864443
SPY260618P00775000,2026-03-23 19:55:37+00:00,775.0,120.08,42.96,45.47,0.0,0.0,1.0,0,0.15171136383056644,True,REGULAR,USD,put,2026-06-18,44.215,0.05676806513626592
SPY260618P00780000,2026-04-24 17:42:08+00:00,780.0,66.57,47.94,50.76,0.0,0.0,1.0,0,0.16819069122314456,True,REGULAR,USD,put,2026-06-18,49.349999999999994,0.057142857142857155
SPY260618P00785000,2026-03-25 19:56:09+00:00,785.0,128.54,52.21,55.66,0.0,0.0,1.0,0,0.17771208038330077,True,REGULAR,USD,put,2026-06-18,53.935,0.06396588486140717
SPY260618P00790000,2026-02-05 16:14:16+00:00,790.0,113.78,127.7,131.07,0.0,0.0,1.0,0,0.933045103149414,True,REGULAR,USD,put,2026-06-18,129.385,0.026046295938478112
SPY260618P00795000,2026-04-21 19:56:56+00:00,795.0,90.98,62.21,65.73,0.0,0.0,2.0,0,0.20078313873291015,True,REGULAR,USD,put,2026-06-18,63.97,0.055025793340628466
SPY260618P00800000,2026-05-06 13:36:52+00:00,800.0,68.95,67.26,70.78,-7.600006,-9.928159,138.0,190,0.2123186679077148,True,REGULAR,USD,put,2026-06-18,69.02000000000001,0.05099971022891909
SPY260618P00805000,2026-04-24 19:50:47+00:00,805.0,91.45,72.17,75.68,0.0,0.0,15.0,0,0.22071091796874998,True,REGULAR,USD,put,2026-06-18,73.92500000000001,0.04748055461616509
SPY260618P00810000,2026-03-24 19:53:30+00:00,810.0,158.41,77.26,80.73,0.0,0.0,11.0,0,0.23188023986816403,True,REGULAR,USD,put,2026-06-18,78.995,0.0439268308120767
SPY260618P00820000,2025-09-10 17:48:44+00:00,820.0,170.13,164.34,167.67,0.0,0.0,,0,1.0962264427185058,True,REGULAR,USD,put,2026-06-18,166.005,0.02005963675792888
SPY260618P00830000,2026-03-19 13:31:45+00:00,830.0,175.55,118.2,121.0,0.0,0.0,,0,0.5398300411987306,True,REGULAR,USD,put,2026-06-18,119.6,0.02341137123745817
SPY260618P00840000,2025-10-07 17:03:03+00:00,840.0,171.64,166.83,170.23,0.0,0.0,,0,0.9811861012268066,True,REGULAR,USD,put,2026-06-18,168.53,0.020174449652880656
SPY260618P00845000,2024-09-25 19:07:39+00:00,845.0,274.94,264.0,268.74,0.0,0.0,,0,1.916061821060181,True,REGULAR,USD,put,2026-06-18,266.37,0.0177947967113414
SPY260618P00850000,2026-03-04 20:23:46+00:00,850.0,164.35,0.0,0.0,0.0,0.0,2.0,0,1.0000000000000003e-05,True,REGULAR,USD,put,2026-06-18,164.35,0.0
SPY260618P00860000,2025-05-29 15:18:40+00:00,860.0,269.78,243.6,247.42,0.0,0.0,,0,1.604677269592285,True,REGULAR,USD,put,2026-06-18,245.51,0.015559447680338859
SPY260618P00865000,2025-11-13 20:58:14+00:00,865.0,193.6,171.15,174.5,0.0,0.0,1.0,0,0.8334519828796385,True,REGULAR,USD,put,2026-06-18,172.825,0.019383769709243423
SPY260618P00870000,2026-03-19 13:32:00+00:00,870.0,215.16,158.2,161.01,0.0,0.0,2.0,0,0.6375463491821288,True,REGULAR,USD,put,2026-06-18,159.605,0.017605964725415885
SPY260618P00890000,2026-04-07 15:55:12+00:00,890.0,235.79,157.95,160.73,0.0,0.0,1.0,0,0.37592176818847656,True,REGULAR,USD,put,2026-06-18,159.33999999999997,0.01744696874607758
SPY260618P00900000,2026-03-04 20:24:12+00:00,900.0,214.35,0.0,0.0,0.0,0.0,,0,1.0000000000000003e-05,True,REGULAR,USD,put,2026-06-18,214.35,0.0
SPY260618P00905000,2026-03-30 19:10:12+00:00,905.0,274.63,172.95,175.65,0.0,0.0,,0,0.39765006652832036,True,REGULAR,USD,put,2026-06-18,174.3,0.015490533562822817
SPY260618P00915000,2026-03-19 13:32:01+00:00,915.0,260.13,203.2,206.01,0.0,0.0,,0,0.7355983471679688,True,REGULAR,USD,put,2026-06-18,204.605,0.013733779721903192
SPY260618P00955000,2026-03-19 13:31:45+00:00,955.0,300.51,243.2,246.01,0.0,0.0,,0,0.8147601531982422,True,REGULAR,USD,put,2026-06-18,244.605,0.011487909077901115
SPY260618P00995000,2026-05-04 19:52:12+00:00,995.0,279.12,262.95,265.73,0.0,0.0,1.0,0,0.5305222729492188,True,REGULAR,USD,put,2026-06-18,264.34000000000003,0.010516758719830632
SPY260618P01000000,2026-05-06 13:32:09+00:00,1000.0,270.17,267.95,270.74,-13.929993,-4.9032006,1.0,1,0.5375412457275393,True,REGULAR,USD,put,2026-06-18,269.345,0.010358462195325772
