Date,spot,position_open,mtm,cash,equity,rv20,delta_exposure,gamma_exposure,vega_exposure,theta_exposure
2024-06-06,534.6599731445312,False,0.0,100000.0,100000.0,0.08838444674781885,0.0,0.0,0.0,0.0
2024-06-07,534.010009765625,True,0.0,100000.0,100000.0,0.0875684556907046,0.0,0.0,0.0,0.0
2024-06-10,535.6599731445312,True,32.203233257671116,100000.0,100032.20323325768,0.08779368458261586,-5.156237545965153,-4.036221389880019,-82.25001967887032,14.927532824704514
2024-06-11,536.9500122070312,True,33.79254523967745,100000.0,100033.79254523967,0.08772855413562501,-10.121259785806547,-4.060062240678048,-80.13423320253521,15.407777525648514
2024-06-12,541.3599853515625,True,-70.2874595126751,100000.0,99929.71254048732,0.09028975784847369,-27.48220370619246,-3.9267702650413203,-78.61496526882154,17.298544798982
2024-06-13,542.4500122070312,True,-15.165181921079807,100000.0,99984.83481807892,0.08117916825306422,-32.40332832599308,-4.1117076064702625,-71.21926461166717,15.199669212156408
2024-06-14,542.780029296875,True,-5.319449667799958,100000.0,99994.6805503322,0.08031409656976868,-33.68434926242454,-4.158983914628643,-68.35877030158312,15.152248712683978
2024-06-17,547.0999755859375,True,-176.0139104320503,100000.0,99823.98608956794,0.08367868150642838,-50.48827722195638,-3.8807954689208577,-59.41809724953184,16.85883100884032
2024-06-18,548.489990234375,True,-237.2630733577756,100000.0,99762.73692664222,0.08371605726285854,-55.84574645355804,-3.767044723132848,-55.33801160580648,16.97179050044273
2024-06-20,547.0,True,-128.11473488302792,100000.0,99871.88526511697,0.0851091684807168,-50.192725888515945,-4.059719185676473,-53.60746206345864,17.92013857041285
2024-06-21,544.510009765625,True,1.048337116515441,100000.0,100001.04833711652,0.08644137537296658,-39.71555994684606,-4.3124059988797985,-53.46094151886571,18.30109113003588
2024-06-24,542.739990234375,True,145.07189956831414,100000.0,100145.07189956831,0.0821046669024699,-30.813036300350394,-4.667892837774426,-43.77684451180858,16.901920603822226
2024-06-25,544.8300170898438,True,90.81801319118439,100000.0,100090.81801319118,0.080435527678137,-40.32566524974735,-4.895869012771476,-42.020314151349204,17.80484954975268
2024-06-26,545.510009765625,True,79.05654093699033,100000.0,100079.05654093699,0.08039267839823153,-43.337499380679816,-5.0434295500123545,-39.80925522979923,18.51032850210819
2024-06-27,546.3699951171875,True,58.491760906674585,100000.0,100058.49176090668,0.07388286230092461,-47.43551440662335,-5.223010003615922,-37.522856750573474,19.30563010172501
2024-06-28,544.219970703125,True,172.04122695685447,100000.0,100172.04122695685,0.0702595467994719,-35.352837647906426,-5.3501859481621965,-33.80134508093227,18.359937666367994
2024-07-01,545.3400268554688,False,0.0,100184.19659705284,100184.19659705284,0.06516353461659931,0.0,0.0,0.0,0.0
2024-07-02,549.010009765625,False,0.0,100184.19659705284,100184.19659705284,0.06744818831183849,0.0,0.0,0.0,0.0
2024-07-03,551.4600219726562,False,0.0,100184.19659705284,100184.19659705284,0.06792635131859726,0.0,0.0,0.0,0.0
2024-07-05,554.6400146484375,True,0.0,100184.19659705284,100184.19659705284,0.059332930162823795,0.0,0.0,0.0,0.0
2024-07-08,555.280029296875,True,38.3177030487289,100184.19659705284,100222.51430010157,0.05899255290610586,-1.7118361731567278,-4.254122263026846,-84.73824619717774,13.810880839489764
2024-07-09,555.8200073242188,True,49.05301591507083,100184.19659705284,100233.2496129679,0.05796565549298952,-3.708321858868746,-4.281980581900857,-82.35309403907077,14.071651872052316
2024-07-10,561.3200073242188,True,-38.68270749903431,100184.19659705284,100145.51388955381,0.06426840210168741,-26.941765958258756,-4.213993312109539,-80.21767944095059,15.799579002826745
2024-07-11,556.47998046875,True,72.3120539567418,100184.19659705284,100256.50865100959,0.07519229733359538,-5.9332166537575,-4.3323351865792725,-77.14882198771875,14.428970758405562
2024-07-12,559.989990234375,True,28.939542779379224,100184.19659705284,100213.13613983222,0.07333592421415203,-20.9183057062194,-4.340424184255919,-75.38060341805839,15.689371712167322
2024-07-15,561.530029296875,True,35.31325508283203,100184.19659705284,100219.50985213567,0.07342475924612603,-27.00748237796572,-4.418244356661469,-67.1619959227662,16.439922762477163
2024-07-16,564.8599853515625,True,-71.77185150361645,100184.19659705284,100112.42474554923,0.07475354344169696,-41.320386595423926,-4.283649535525178,-63.076047767048436,17.25886086494081
2024-07-17,556.9400024414062,True,81.6839027639233,100184.19659705284,100265.88049981676,0.0907892694861421,-6.304666099504075,-4.346929647810841,-66.10307716010077,18.663849513981358
2024-07-18,552.6599731445312,True,67.54206136301661,100184.19659705284,100251.73865841585,0.09549520379616593,12.313858167256392,-4.21806225283843,-62.51902547157773,18.436610690819837
2024-07-19,548.989990234375,True,5.237299961556374,100184.19659705284,100189.4338970144,0.09817975779508631,27.909184846986378,-4.059894708418918,-57.287278352000314,17.449719112514504
2024-07-22,554.6500244140625,True,115.25721079525653,100184.19659705284,100299.4538078481,0.10267206697532397,5.123336179628013,-4.30666240603178,-53.01546863679384,22.646663448234694
2024-07-23,553.780029296875,True,137.95430203503471,100184.19659705284,100322.15089908788,0.1019337072965195,9.332541653864935,-4.277083293964661,-48.13931346047262,21.88059804330885
2024-07-24,541.22998046875,True,-386.2615057309474,100184.19659705284,99797.9350913219,0.13192341817593337,56.91390970380847,-3.3096618922943426,-41.18098274262476,22.955700828302508
2024-07-25,538.4099731445312,True,-536.3299980220748,100184.19659705284,99647.86659903076,0.13289256352513476,67.24686781102929,-3.017295043028249,-33.743346098846125,19.70847134714287
2024-07-26,544.4400024414062,True,-206.3259963014893,100184.19659705284,99977.87060075135,0.13920573207342568,46.717954238750295,-3.664464382097797,-40.208551501876386,30.73686291181997
2024-07-29,544.760009765625,True,-90.87007877801545,100184.19659705284,100093.32651827483,0.13850731015338422,48.554035606337756,-4.039164389472527,-29.70468586177844,34.40936873992283
2024-07-30,542.0,True,-203.43170386619818,100184.19659705284,99980.76489318664,0.13944898836320324,61.02417107896096,-4.074419966301349,-24.621706598497468,33.3002081296668
2024-07-31,550.8099975585938,True,162.9584982622191,100184.19659705284,100347.15509531506,0.1493835695294378,23.842524956619233,-4.153932387310705,-22.911390022515313,46.19262437876303
2024-08-01,543.010009765625,True,-103.67490977577071,100184.19659705284,100080.52168727707,0.15684170811390108,58.67381660989014,-4.674506941018868,-19.243213040854496,50.944750067752096
2024-08-02,532.9000244140625,False,0.0,99287.64367166293,99287.64367166293,0.1671626787454545,0.0,0.0,0.0,0.0
2024-08-05,517.3800048828125,False,0.0,99287.64367166293,99287.64367166293,0.19302326765749914,0.0,0.0,0.0,0.0
2024-08-06,522.1500244140625,False,0.0,99287.64367166293,99287.64367166293,0.19770491940841214,0.0,0.0,0.0,0.0
2024-08-07,518.6599731445312,False,0.0,99287.64367166293,99287.64367166293,0.19194835162413684,0.0,0.0,0.0,0.0
2024-08-08,530.6500244140625,False,0.0,99287.64367166293,99287.64367166293,0.21312492767858238,0.0,0.0,0.0,0.0
2024-08-09,532.989990234375,True,0.0,99287.64367166293,99287.64367166293,0.21221044421174282,0.0,0.0,0.0,0.0
2024-08-12,533.27001953125,True,108.44740842908465,99287.64367166293,99396.09108009201,0.2116318750299782,3.0057652949491476,-1.6613411328822714,-80.90159628335383,34.510938119041946
2024-08-13,542.0399780273438,True,0.25979450828259587,99287.64367166293,99287.9034661712,0.22021330280143855,-11.558422596774554,-1.637419209353301,-82.9903814453763,39.33100356601393
2024-08-14,543.75,True,47.58371478087895,99287.64367166293,99335.2273864438,0.21616616698767185,-14.225360077275395,-1.6546621773626586,-79.70669819505474,38.76997714720076
2024-08-15,553.0700073242188,True,-214.06189830246802,99287.64367166293,99073.58177336046,0.22394162883529528,-29.152551170505724,-1.5748541887014071,-78.65256809875004,42.419645126768316
2024-08-16,554.3099975585938,True,-202.4061944145906,99287.64367166293,99085.23747724833,0.22263486645689579,-31.169683147958477,-1.5829825466966354,-75.70007142711141,42.50655035331876
2024-08-19,559.6099853515625,True,-275.8207507568983,99287.64367166293,99011.82292090602,0.2222184420060325,-39.72746595384156,-1.5749414133114041,-66.85172979434459,43.734620698042306
2024-08-20,558.7000122070312,True,-194.0694481647622,99287.64367166293,99093.57422349816,0.22222546652365432,-38.40271815241329,-1.6093675626465531,-64.58016674607427,44.29175509905872
2024-08-21,560.6199951171875,True,-114.6782685965313,99287.64367166293,99172.9654030664,0.20445301860692502,-42.165067618355415,-1.6806939896473576,-59.090594227866156,39.7909625658182
2024-08-22,556.219970703125,True,97.71294096913614,99287.64367166293,99385.35661263207,0.20586848575505687,-34.614025131901066,-1.7471912641904639,-57.164960505562846,40.29465950223508
2024-08-23,562.1300048828125,True,-111.0421542831034,99287.64367166293,99176.60151737982,0.20552998181315227,-44.81327527247001,-1.712759284132398,-54.1022758267377,41.28088469540484
2024-08-26,560.7899780273438,True,74.80975796415362,99287.64367166293,99362.45342962707,0.2059946982403362,-42.47607061964844,-1.8419242313038513,-46.869842658531695,43.554626826200035
2024-08-27,561.5599975585938,True,90.49072931425144,99287.64367166293,99378.13440097717,0.20455034763845437,-43.84137823775019,-1.891963469001483,-44.21648556568434,44.21417533907617
2024-08-28,558.2999877929688,True,301.0951292003025,99287.64367166293,99588.73880086323,0.19888391427759008,-37.171231572921556,-1.9913918455400876,-40.621233290172256,42.38691985862844
2024-08-29,558.3499755859375,True,375.0852509564208,99287.64367166293,99662.72892261934,0.19095387289532786,-36.498185013534936,-2.105655097368079,-37.31786861925161,40.96175579502812
2024-08-30,563.6799926757812,True,235.91743570469364,99287.64367166293,99523.56110736761,0.17719904163362998,-47.6325669861208,-2.3573424449481237,-35.890239507482555,41.6449583337567
2024-09-03,552.0800170898438,False,0.0,100094.17252031679,100094.17252031679,0.15762103671352246,0.0,0.0,0.0,0.0
2024-09-04,550.9500122070312,False,0.0,100094.17252031679,100094.17252031679,0.15705408729368678,0.0,0.0,0.0,0.0
2024-09-05,549.6099853515625,False,0.0,100094.17252031679,100094.17252031679,0.15437571008216777,0.0,0.0,0.0,0.0
2024-09-06,540.3599853515625,True,0.0,100094.17252031679,100094.17252031679,0.15078174367472738,0.0,0.0,0.0,0.0
2024-09-09,546.4099731445312,True,-5.390515769344972,100094.17252031679,100088.78200454744,0.15469493404036833,-10.776436813406482,-2.2796815971944144,-85.57607148363613,27.574332798972783
2024-09-10,548.7899780273438,True,-20.940078276190377,100094.17252031679,100073.2324420406,0.1550538599906758,-16.0651812510313,-2.2775938026763054,-83.420696189765,28.347370136585916
2024-09-11,554.4199829101562,True,-81.43712180286329,100094.17252031679,100012.73539851392,0.14866730255523822,-28.895359214302292,-2.265712956106217,-78.46259668591759,27.547813476676485
2024-09-12,559.0900268554688,True,-245.15463007764708,100094.17252031679,99849.01789023913,0.15075963912927032,-39.09007804035516,-2.169938374486495,-74.84947786267921,28.520328993628656
2024-09-13,562.010009765625,True,-267.06843011239414,100094.17252031679,99827.10409020439,0.1400012145291494,-46.31477859110522,-2.195437739838022,-68.23097264569023,25.957793386084294
2024-09-16,562.8400268554688,True,-230.19175878786024,100094.17252031679,99863.98076152893,0.13992341591869653,-48.522744174701046,-2.2611471279703417,-61.2254168637969,26.816941287250135
2024-09-17,563.0700073242188,True,-190.46919536612776,100094.17252031679,99903.70332495066,0.13604853615263449,-49.45900195631802,-2.328656359773904,-58.21939398396852,26.21052868268955
2024-09-18,561.4000244140625,True,-82.46553530256087,100094.17252031679,100011.70698501423,0.1363850177548662,-45.591474794788375,-2.4209378555267653,-56.89905634534574,26.671518875321905
2024-09-19,570.97998046875,True,-686.4463695787634,100094.17252031679,99407.72615073803,0.14844224846471882,-65.20747994488174,-1.9131502652188836,-48.91442234618899,28.18663635706643
2024-09-20,568.25,True,-468.96963336490086,100094.17252031679,99625.20288695188,0.14640701863385772,-60.54795249458618,-2.116806902067693,-49.417660222897425,29.15081510484569
2024-09-23,569.6699829101562,True,-454.97413218597984,100094.17252031679,99639.19838813081,0.142203728540606,-65.36451503968158,-2.2166559708841422,-41.158674765814276,29.41336490273717
2024-09-24,571.2999877929688,True,-538.6848824861706,100094.17252031679,99555.48763783062,0.1419285780252987,-69.44216773821171,-2.1525340285736267,-37.229377596049815,29.23873723914942
2024-09-25,570.0399780273438,True,-422.2075725126171,100094.17252031679,99671.96494780417,0.1423484285467101,-67.31152253158862,-2.3160606926125946,-36.52343673726458,30.840115796102967
2024-09-26,572.2999877929688,True,-549.6567240171247,100094.17252031679,99544.51579629966,0.14058209096753213,-73.23586467949062,-2.1919043744625526,-31.560679456440194,29.795490567761103
2024-09-27,571.469970703125,True,-458.84337140286624,100094.17252031679,99635.32914891392,0.14085523983758474,-72.2826341999182,-2.348636626995414,-30.34281845610935,31.46194810238809
2024-09-30,573.760009765625,True,-539.6396071121966,100094.17252031679,99554.53291320459,0.13785697929293148,-81.6756479375214,-2.2575443194903944,-19.539683068899812,31.053312820560063
2024-10-01,568.6199951171875,True,-54.928441295475054,100094.17252031679,100039.24407902131,0.11821315646367347,-72.325583888846,-3.7405180160595646,-22.279268747749935,34.39381369687597
2024-10-02,568.8599853515625,True,-37.40048286367319,100094.17252031679,100056.77203745312,0.11755953429885055,-75.26084999763845,-3.9449110857482967,-18.819092472320175,36.263936433915475
2024-10-03,567.8200073242188,True,80.20554304302365,100094.17252031679,100174.3780633598,0.11730335103786937,-73.579828354496,-4.747077214765793,-16.835625886869835,42.07134564424541
2024-10-04,572.97998046875,False,0.0,99757.50671688085,99757.50671688085,0.09721406018648374,0.0,0.0,0.0,0.0
2024-10-07,567.7999877929688,False,0.0,99757.50671688085,99757.50671688085,0.1009993002770206,0.0,0.0,0.0,0.0
2024-10-08,573.1699829101562,False,0.0,99757.50671688085,99757.50671688085,0.10416544897286058,0.0,0.0,0.0,0.0
2024-10-09,577.1400146484375,False,0.0,99757.50671688085,99757.50671688085,0.10140960076999406,0.0,0.0,0.0,0.0
2024-10-10,576.1300048828125,False,0.0,99757.50671688085,99757.50671688085,0.0993144133778771,0.0,0.0,0.0,0.0
2024-10-11,579.5800170898438,True,0.0,99757.50671688085,99757.50671688085,0.09972727876224106,0.0,0.0,0.0,0.0
2024-10-14,584.3200073242188,True,-17.12693864216419,99757.50671688085,99740.37977823868,0.10244387998565076,-13.363514307745467,-3.2183341110292774,-91.45484721930703,19.90442461102266
2024-10-15,579.780029296875,True,-9.551108439070788,99757.50671688085,99747.95560844177,0.10799326279193898,1.3830696444792345,-3.1900165659865447,-90.11584284320455,20.35482862538717
2024-10-16,582.2999877929688,True,4.605114305712732,99757.50671688085,99762.11183118656,0.10712684918665956,-6.439631616145575,-3.225520829617311,-87.93243922986831,21.05526203030399
2024-10-17,582.3499755859375,True,166.51422251425885,99757.50671688085,99924.02093939511,0.09114380064567036,-5.922270539393665,-3.3776103996399325,-75.03328932965367,15.973094101372936
2024-10-18,584.5900268554688,True,171.74471774358864,99757.50671688085,99929.25143462443,0.0890105737771471,-13.205989405307456,-3.4291702593942675,-71.86265115657318,16.071037270684638
2024-10-21,583.6300048828125,False,0.0,99981.99922092806,99981.99922092806,0.08955653632408096,0.0,0.0,0.0,0.0
2024-10-22,583.3200073242188,False,0.0,99981.99922092806,99981.99922092806,0.08953787666508063,0.0,0.0,0.0,0.0
2024-10-23,577.989990234375,False,0.0,99981.99922092806,99981.99922092806,0.09607410132163131,0.0,0.0,0.0,0.0
2024-10-24,579.239990234375,False,0.0,99981.99922092806,99981.99922092806,0.0954742896397459,0.0,0.0,0.0,0.0
2024-10-25,579.0399780273438,True,0.0,99981.99922092806,99981.99922092806,0.09523912304957102,0.0,0.0,0.0,0.0
2024-10-28,580.8300170898438,True,45.89528732674637,99981.99922092806,100027.8945082548,0.09486883317051986,-4.222035303445981,-3.4269960697645074,-88.73475746476474,17.320718698897167
2024-10-29,581.77001953125,True,119.9757313631224,99981.99922092806,100101.97495229119,0.08782689812102876,-7.021450665764107,-3.5179561771542676,-81.44339814912883,15.499969734235176
2024-10-30,580.010009765625,True,136.87051036703792,99981.99922092806,100118.8697312951,0.08904901764225973,-0.5785252279247977,-3.4972342838353216,-78.37474315889364,15.299331053448467
2024-10-31,568.6400146484375,True,-245.9778893045879,99981.99922092806,99736.02133162347,0.11546573027098214,35.053458542654695,-2.98573358439898,-78.93843387526822,18.226867628672522
2024-11-01,571.0399780273438,True,-125.92999883342699,99981.99922092806,99856.06922209464,0.11169580322987471,28.621566743332277,-3.1367902653462068,-77.87855012164768,18.64515899637039
2024-11-04,569.8099975585938,True,-69.58658499748012,99981.99922092806,99912.41263593058,0.10697238554235886,34.54758457604716,-3.185556563514094,-65.72634255528638,16.8836468600814
2024-11-05,576.7000122070312,True,63.86491750688066,99981.99922092806,100045.86413843495,0.1103050248295283,11.801607172634826,-3.38300055387391,-70.47793695760186,21.592937605039115
2024-11-06,591.0399780273438,True,-368.9792712784538,99981.99922092806,99613.0199496496,0.13851302390248793,-34.003136779791596,-2.901123528074192,-77.26949135732444,35.34981283715692
2024-11-07,595.6099853515625,True,-545.8029098375256,99981.99922092806,99436.19631109053,0.13990835731730183,-46.67565673682918,-2.6732367834139654,-69.60628500283403,35.246745263404954
2024-11-08,598.1900024414062,True,-645.5465392376495,99981.99922092806,99336.45268169041,0.13935656289531445,-53.84350270789372,-2.542685002367989,-62.948099205438126,34.49926569088518
2024-11-11,598.760009765625,True,-563.4885398876659,99981.99922092806,99418.5106810404,0.1371844394994742,-57.58647891780293,-2.651867465757927,-52.65360600910982,35.20270917272289
2024-11-12,596.9000244140625,True,-402.1693145175302,99981.99922092806,99579.82990641054,0.13406948432773277,-53.71786507737964,-2.901974294000824,-51.37858081961178,35.828515712960815
2024-11-13,597.1900024414062,True,-381.3597005378238,99981.99922092806,99600.63952039024,0.133667851892796,-55.23930364658606,-2.950997336287094,-47.80063137600218,36.32038065208112
2024-11-14,593.3499755859375,True,-157.1668382092941,99981.99922092806,99824.83238271877,0.1364166702224673,-43.64382857319588,-3.304877514966706,-48.5158988532074,39.76347276342805
2024-11-15,585.75,True,97.64784077274271,99981.99922092806,100079.6470617008,0.1443876143434679,-17.21403055950382,-3.5464407084649063,-47.67453859033345,43.277231962762464
2024-11-18,588.1500244140625,True,172.08407859172326,99981.99922092806,100154.08329951979,0.14490289140227414,-24.808950582832306,-3.7573644166691076,-33.904327397141444,46.55131828201255
2024-11-19,590.2999877929688,True,151.599841728326,99981.99922092806,100133.59906265639,0.1453111388323795,-32.45348966259892,-3.9412242631555383,-29.91036701466444,49.7483848015398
2024-11-20,590.5,True,208.33596712629898,99981.99922092806,100190.33518805436,0.14067352221350377,-31.95743395899336,-4.233185939342059,-24.68930175643819,49.25541651125505
2024-11-21,593.6699829101562,True,131.39951584009407,99981.99922092806,100113.39873676815,0.1414562163240539,-45.25309494044056,-4.868493774020866,-21.845170971213825,59.3528734185867
2024-11-22,595.510009765625,False,0.0,100076.75639170628,100076.75639170628,0.14147501702478352,0.0,0.0,0.0,0.0
2024-11-25,597.530029296875,False,0.0,100076.75639170628,100076.75639170628,0.14152633407063644,0.0,0.0,0.0,0.0
2024-11-26,600.6500244140625,False,0.0,100076.75639170628,100076.75639170628,0.14216608277091153,0.0,0.0,0.0,0.0
2024-11-27,598.8300170898438,False,0.0,100076.75639170628,100076.75639170628,0.1421681600647934,0.0,0.0,0.0,0.0
2024-11-29,602.5499877929688,True,0.0,100076.75639170628,100076.75639170628,0.1182081981078989,0.0,0.0,0.0,0.0
2024-12-02,603.6300048828125,True,63.16934196030104,100076.75639170628,100139.92573366658,0.11816320973566836,-0.1405826910807706,-2.6436693237904554,-92.0595038230147,22.038272190353876
2024-12-03,603.9099731445312,True,94.99047895570953,100076.75639170628,100171.74687066198,0.11707396779948867,-0.5916629163220499,-2.664867316772664,-88.63666560339969,21.872255996135237
2024-12-04,607.6599731445312,True,124.91338384204909,100076.75639170628,100201.66977554833,0.11280666198732994,-10.361214056171352,-2.7131328298692754,-84.84053184722487,21.683843911599926
2024-12-05,606.6599731445312,False,0.0,100481.76570845852,100481.76570845852,0.0782455727093105,0.0,0.0,0.0,0.0
2024-12-06,607.8099975585938,True,0.0,100481.76570845852,100481.76570845852,0.07457652974771324,0.0,0.0,0.0,0.0
2024-12-09,604.6799926757812,True,32.803056089468896,100481.76570845852,100514.56876454799,0.07656911405881585,13.112875176358513,-3.804695087586543,-89.48776852993046,13.541616092997891
2024-12-10,602.7999877929688,True,20.341180132393077,100481.76570845852,100502.10688859092,0.07763142593230003,20.675976671277414,-3.754009042343724,-84.38373403171863,12.723446976044336
2024-12-11,607.4600219726562,True,68.34125869762033,100481.76570845852,100550.10696715614,0.08068988184966563,3.0213853941361446,-3.8943103940420762,-86.61556320102517,15.051935158733077
2024-12-12,604.3300170898438,True,38.483617869239595,100481.76570845852,100520.24932632776,0.08349820799015106,15.325196005477082,-3.799345226121329,-82.8497503161532,14.6626084998614
2024-12-13,604.2100219726562,True,81.86828165218927,100481.76570845852,100563.63399011071,0.07934767303351313,16.458600800273622,-3.8326401139850392,-76.8116136881816,13.467635020395473
2024-12-16,606.7899780273438,True,147.5405541088321,100481.76570845852,100629.30626256735,0.06103260529034443,7.495292218940958,-3.9204616426130503,-69.10512187142932,14.623302245615259
2024-12-17,604.2899780273438,True,137.39574262070988,100481.76570845852,100619.16145107923,0.0637897613259391,17.58404609256511,-3.841222951338421,-63.878293885187475,13.564230443938843
2024-12-18,586.280029296875,False,0.0,99505.59997025783,99505.59997025783,0.12841167735407683,0.0,0.0,0.0,0.0
2024-12-19,586.0999755859375,False,0.0,99505.59997025783,99505.59997025783,0.128386748378022,0.0,0.0,0.0,0.0
2024-12-20,591.1500244140625,True,0.0,99505.59997025783,99505.59997025783,0.13078352592231166,0.0,0.0,0.0,0.0
2024-12-23,594.6900024414062,True,40.129585993247474,99505.59997025783,99545.72955625107,0.1321394473049825,-5.697510160042363,-2.4281781769042885,-91.99060023716497,25.040869959917327
2024-12-24,601.2999877929688,True,-100.19377793284576,99505.59997025783,99405.40619232498,0.13749296198980765,-21.37637152090447,-2.355152799901915,-92.06730874739013,28.26326306128064
2024-12-26,601.3400268554688,True,-32.88563430464819,99505.59997025783,99472.71433595318,0.13627180578374493,-21.343028614902863,-2.4082555894848694,-86.0702346758035,28.352813388207824
2024-12-27,595.010009765625,True,57.78766876664321,99505.59997025783,99563.38763902447,0.14109166181297572,-5.80449362193397,-2.4385446312182273,-84.16693368072514,28.699328652125434
2024-12-30,588.219970703125,True,119.12998894640197,99505.59997025783,99624.72995920423,0.14418140050946376,11.588295874951516,-2.4291282521090714,-72.52200234660037,27.831103105661104
2024-12-31,586.0800170898438,True,124.15695280822447,99505.59997025783,99629.75692306604,0.14397502740101215,17.148829058475624,-2.41385063522234,-67.85608903386466,27.000400772290217
2025-01-02,584.6400146484375,True,155.5658737527409,99505.59997025783,99661.16584401057,0.14382676586839935,21.288068507319586,-2.408199202679141,-60.32654562688653,26.588670136952363
2025-01-03,591.9500122070312,True,212.82844420368008,99505.59997025783,99718.42841446151,0.1498938700030925,3.407187193123662,-2.481726176266407,-62.575057133714616,31.94201063306713
2025-01-06,595.3599853515625,True,287.68846081521104,99505.59997025783,99793.28843107304,0.15195506700123018,-4.271666596854795,-2.520507437522304,-52.9785278615923,34.30038630601023
2025-01-07,588.6300048828125,True,289.30598125626045,99505.59997025783,99794.90595151408,0.15591518204689214,12.67336044519075,-2.4307849332027476,-47.44444076014531,33.148556685166064
2025-01-08,589.489990234375,False,0.0,99831.82400496845,99831.82400496845,0.15568184712922897,0.0,0.0,0.0,0.0
2025-01-10,580.489990234375,True,0.0,99831.82400496845,99831.82400496845,0.1635045353736866,0.0,0.0,0.0,0.0
2025-01-13,581.3900146484375,True,118.24659329088121,99831.82400496845,99950.07059825934,0.1601443402543638,1.6909923401798588,-1.9910232047335865,-87.20546426855248,28.189208748167534
2025-01-14,582.1900024414062,True,144.18213993011335,99831.82400496845,99976.00614489857,0.16021705592573304,0.31012477319994347,-2.001544361605307,-84.73230242473444,28.56539328529025
2025-01-15,592.780029296875,True,-111.42963002118194,99831.82400496845,99720.39437494727,0.17510237990104224,-20.567573883688876,-1.914312120070101,-89.08302071860733,35.766152636413324
2025-01-16,591.6400146484375,True,-39.55077740884576,99831.82400496845,99792.2732275596,0.17403198248215043,-18.314347456546788,-1.9478418191469697,-86.02592470146662,35.57137850702824
2025-01-17,597.5800170898438,True,-203.59301904914062,99831.82400496845,99628.23098591932,0.1781178101780775,-29.51148754085637,-1.879102178932985,-83.53633332841565,37.779957103992174
2025-01-21,603.0499877929688,True,5.212864104134951,99831.82400496845,99837.03686907259,0.1422688364566581,-41.59966034112206,-2.122562641733872,-63.14413855729424,28.836489457665248
2025-01-22,606.4400024414062,True,-132.0682666906036,99831.82400496845,99699.75573827785,0.14286914429170164,-48.672474865071834,-2.0844489667692168,-59.97198523259494,29.610887832947537
2025-01-23,609.75,True,-274.0893944977003,99831.82400496845,99557.73461047075,0.14129291313848563,-55.65252386509889,-2.040265056143844,-55.751637849095324,29.51696527012933
2025-01-24,607.969970703125,True,-143.07042655682557,99831.82400496845,99688.75357841163,0.14112848698480748,-52.14217974548403,-2.1471961344213475,-54.57314659920925,30.165979453325782
2025-01-27,599.3699951171875,True,309.3232567443696,99831.82400496845,100141.14726171282,0.14596299599641674,-32.15444855623732,-2.3263884951452014,-47.30294828376787,31.051729985896475
2025-01-28,604.52001953125,True,116.12080771942486,99831.82400496845,99947.94481268789,0.14921261724208698,-44.13815547975843,-2.3686336788771656,-46.68014378209933,34.81072388658282
2025-01-29,601.8099975585938,True,288.9191516197059,99831.82400496845,100120.74315658816,0.14484365489945644,-37.07698724541314,-2.486241013816776,-42.77510060251536,33.09988491523116
2025-01-30,605.0399780273438,True,212.07481180696277,99831.82400496845,100043.89881677541,0.13845969040782688,-44.830434626525644,-2.6922322194827277,-40.896911404321486,33.91713326613078
2025-01-31,601.8200073242188,False,0.0,100204.91778521008,100204.91778521008,0.13940558231834743,0.0,0.0,0.0,0.0
2025-02-03,597.77001953125,False,0.0,100204.91778521008,100204.91778521008,0.14176397380095065,0.0,0.0,0.0,0.0
2025-02-04,601.780029296875,False,0.0,100204.91778521008,100204.91778521008,0.13707394599583764,0.0,0.0,0.0,0.0
2025-02-05,604.219970703125,False,0.0,100204.91778521008,100204.91778521008,0.1363964468903051,0.0,0.0,0.0,0.0
2025-02-06,606.3200073242188,False,0.0,100204.91778521008,100204.91778521008,0.12889060803299285,0.0,0.0,0.0,0.0
2025-02-07,600.77001953125,True,0.0,100204.91778521008,100204.91778521008,0.1343474709035167,0.0,0.0,0.0,0.0
2025-02-10,604.8499755859375,True,184.617376647347,100204.91778521008,100389.53516185744,0.12097515717292612,-6.182950244281255,-2.3992981569542793,-85.98535955835563,21.51349863515962
2025-02-11,605.3099975585938,True,201.08062633943433,100204.91778521008,100405.99841154952,0.12105133282215301,-7.06949160813159,-2.408413484874693,-83.30122661849794,21.71939634112657
2025-02-12,603.3599853515625,True,225.06258348260246,100204.91778521008,100429.98036869269,0.12246827288035295,-2.1682935054353756,-2.399128949335211,-80.14732640805782,21.646979435685385
2025-02-13,609.72998046875,True,257.4378092015394,100204.91778521008,100462.35559441162,0.11167055972260846,-17.144589676679413,-2.479568802271783,-74.01049980093494,19.99820642431945
2025-02-14,609.7000122070312,True,282.3408724490349,100204.91778521008,100487.25865765911,0.11112479320009612,-16.784850033281963,-2.4875104092580007,-70.72991037159557,19.816853724632193
2025-02-18,611.489990234375,False,0.0,100553.6070926016,100553.6070926016,0.10671238650135695,0.0,0.0,0.0,0.0
2025-02-19,612.9299926757812,False,0.0,100553.6070926016,100553.6070926016,0.10264363405098284,0.0,0.0,0.0,0.0
2025-02-20,610.3800048828125,False,0.0,100553.6070926016,100553.6070926016,0.10245376378732957,0.0,0.0,0.0,0.0
2025-02-21,599.9400024414062,True,0.0,100553.6070926016,100553.6070926016,0.11791828420930431,0.0,0.0,0.0,0.0
2025-02-24,597.2100219726562,True,51.02661135560851,100553.6070926016,100604.63370395721,0.11844934724668356,9.947818204033837,-2.6298671224566976,-89.5888893053286,20.77122384197233
2025-02-25,594.239990234375,True,126.28562689371066,100553.6070926016,100679.89271949531,0.1087680326715843,18.721934158565883,-2.6358218362867274,-78.64924182515341,16.728558328495986
2025-02-26,594.5399780273438,True,190.25476276375883,100553.6070926016,100743.86185536535,0.10357716679320769,18.42123969011792,-2.64664287588321,-72.58152676211525,15.256506302270633
2025-02-27,585.0499877929688,True,-159.55278464448844,100553.6070926016,100394.0543079571,0.11640094647343242,42.532555945403644,-2.454220117192764,-69.5763108874566,15.48457952429962
2025-02-28,594.1799926757812,True,7.143495968435332,100553.6070926016,100560.75058857004,0.1290773271545895,18.550458744776392,-2.5811982208100126,-80.65319340443628,23.418399040368747
2025-03-03,583.77001953125,True,-323.30872968053194,100553.6070926016,100230.29836292106,0.1415255746113482,44.77738124377962,-2.3197251288653042,-66.01050187917414,22.227451918166928
2025-03-04,576.8599853515625,True,-672.5808277267428,100553.6070926016,99881.02626487485,0.14518784540155402,60.47596065269973,-2.0548228238833417,-55.03720791382073,18.4593382682997
2025-03-05,583.0599975585938,True,-358.1169842572201,100553.6070926016,100195.49010834437,0.14893262804427962,46.77345465588517,-2.293493563183723,-61.6169536156159,24.380560701535238
2025-03-06,572.7100219726562,True,-963.4801077710845,100553.6070926016,99590.12698483051,0.15804564418433478,68.34508113966,-1.8231351931621385,-46.48319237135517,18.378277131748604
2025-03-07,575.9199829101562,True,-746.2332301062409,100553.6070926016,99807.37386249535,0.15931316590035666,62.665656266605104,-1.9958785999823834,-49.15096410756169,21.94077397129808
2025-03-10,560.5800170898438,False,0.0,98611.33467612785,98611.33467612785,0.18028044094141363,0.0,0.0,0.0,0.0
2025-03-11,555.9199829101562,False,0.0,98611.33467612785,98611.33467612785,0.17685585655278407,0.0,0.0,0.0,0.0
2025-03-12,558.8699951171875,False,0.0,98611.33467612785,98611.33467612785,0.1792632030066859,0.0,0.0,0.0,0.0
2025-03-13,551.4199829101562,False,0.0,98611.33467612785,98611.33467612785,0.18231237074153284,0.0,0.0,0.0,0.0
2025-03-14,562.8099975585938,True,0.0,98611.33467612785,98611.33467612785,0.1960628791514477,0.0,0.0,0.0,0.0
2025-03-17,567.1500244140625,True,46.967031989198915,98611.33467612785,98658.30170811705,0.20001172787233218,-4.0509123835050955,-1.6909876278243843,-88.22813183727725,36.07749402650178
2025-03-18,561.02001953125,True,95.27375479306386,98611.33467612785,98706.60843092091,0.20001697984127145,6.6302506866597275,-1.696729620303709,-83.14000467929725,34.542134430679674
2025-03-19,567.1300048828125,True,65.2976924820436,98611.33467612785,98676.63236860989,0.20593870081454446,-3.765604180724175,-1.696042371223389,-84.36472561690758,38.339761039688995
2025-03-20,565.489990234375,True,112.60485350906606,98611.33467612785,98723.93952963692,0.20596483658747536,-0.7536497391859798,-1.7071628591845518,-80.98288713957646,38.12710202803503
2025-03-21,563.97998046875,True,206.96434277536326,98611.33467612785,98818.29901890321,0.1997619708248945,2.260269165453288,-1.726381647658711,-75.66178477101381,35.85965709251916
2025-03-24,574.0800170898438,True,121.94472293931682,98611.33467612785,98733.27939906716,0.21285360149016253,-14.93844123653168,-1.7244232209991006,-72.93055639740166,43.67388615310321
2025-03-25,575.4600219726562,True,137.41338317590532,98611.33467612785,98748.74805930376,0.21308270453509734,-17.188523902450886,-1.7335627314663604,-70.08975937524073,44.38387126386923
2025-03-26,568.5900268554688,True,257.4875500499857,98611.33467612785,98868.82222617784,0.21604876610426707,-5.023210593021821,-1.746419319227385,-65.97839696271433,43.80952309112256
2025-03-27,567.0800170898438,True,353.354535110266,98611.33467612785,98964.68921123812,0.20979105952593682,-1.9659933255223139,-1.7539198549117019,-60.402003837796634,41.05778727252553
2025-03-28,555.6599731445312,True,332.26851524654035,98611.33467612785,98943.6031913744,0.2097318630366272,18.148235871740066,-1.7050475810259405,-53.13377578524785,37.193865965502795
2025-03-31,559.3900146484375,False,0.0,99117.56077133668,99117.56077133668,0.2054504447607345,0.0,0.0,0.0,0.0
2025-04-01,560.969970703125,False,0.0,99117.56077133668,99117.56077133668,0.20279125720327465,0.0,0.0,0.0,0.0
2025-04-02,564.52001953125,False,0.0,99117.56077133668,99117.56077133668,0.19990308107877508,0.0,0.0,0.0,0.0
2025-04-03,536.7000122070312,False,0.0,99117.56077133668,99117.56077133668,0.25976084838750235,0.0,0.0,0.0,0.0
2025-04-04,505.2799987792969,True,0.0,99117.56077133668,99117.56077133668,0.32675856477231746,0.0,0.0,0.0,0.0
2025-04-07,504.3800048828125,True,224.96286373866639,99117.56077133668,99342.52363507534,0.3179642323835946,4.006885138748418,-1.1471731734569919,-75.07059065400867,48.13506549610187
2025-04-08,496.4800109863281,True,213.20172257968153,99117.56077133668,99330.76249391637,0.32000542052429587,13.346540866009338,-1.145741728252803,-70.2676408323206,46.48278406240608
2025-04-09,548.6199951171875,True,-2291.7721436796455,99117.56077133668,96825.78862765704,0.49249634556753125,-38.421899975843324,-0.7709801433235944,-87.81285216982859,99.04923894930067
2025-04-10,524.5800170898438,True,-1630.471902906136,99117.56077133668,97487.08886843054,0.5151400330437838,-18.482571992495256,-0.8726130447780537,-90.00762251454103,107.75385596617906
2025-04-11,533.9400024414062,True,-1755.8539270852336,99117.56077133668,97361.70684425144,0.5136008161362171,-26.564134727345284,-0.8468864013627074,-86.92729524305476,109.31151682348708
2025-04-14,539.1199951171875,True,-1599.8496464772231,99117.56077133668,97517.71112485946,0.5141737603349098,-31.405504463160945,-0.8605290309549108,-78.62368688194846,114.44038035187876
2025-04-15,537.6099853515625,True,-1425.9883495164659,99117.56077133668,97691.57242182021,0.5132363421258697,-30.315222531103302,-0.8843558720205912,-76.12030239421063,116.2380598350173
2025-04-16,525.6599731445312,True,-986.3149409760993,99117.56077133668,98131.24583036058,0.5156919775158656,-19.437281024308735,-0.9563895451668515,-74.3897923124752,118.98875893898548
2025-04-17,526.4099731445312,True,-887.4463661103719,99117.56077133668,98230.11440522631,0.516020164020962,-20.164869218759662,-0.9699321476385893,-71.521813822119,121.28971941872439
2025-04-21,513.8800048828125,True,-206.1435262050793,99117.56077133668,98911.4172451316,0.5210959337203342,-6.789942781970098,-1.0840605504027456,-58.38279038463905,129.0564699750836
2025-04-22,527.25,True,-340.4708013977256,99117.56077133668,98777.08996993896,0.5263549443847089,-21.021747837768817,-1.054429470988755,-56.114141252125684,137.44500078559523
2025-04-23,535.4199829101562,True,-461.6855140957547,99117.56077133668,98655.87525724093,0.5305297549249527,-29.58041872890681,-1.0324759223273001,-52.57115906332754,142.64570708501324
2025-04-24,546.6900024414062,True,-787.1488251656871,99117.56077133668,98330.41194617099,0.5364044558245017,-41.06465556705549,-0.9785189413207082,-48.05926111107243,146.61626564092418
2025-04-25,550.6400146484375,True,-829.7647805537242,99117.56077133668,98287.79599078295,0.5373755788161289,-45.39113976724604,-0.9751143697277331,-43.88881179662232,149.54591034411396
2025-04-28,550.8499755859375,True,-360.58245314693875,99117.56077133668,98756.97831818974,0.5327372763010436,-47.466283364875814,-1.0991879702580967,-32.550989695667226,164.0132563866516
2025-04-29,554.3200073242188,True,-376.944476211321,99117.56077133668,98740.61629512535,0.5326664085017186,-51.91577672210042,-1.1327395583615798,-28.327988552084793,171.522734080029
2025-04-30,554.5399780273438,True,-213.58233889134456,99117.56077133668,98903.97843244534,0.5325381860428148,-52.874557802182174,-1.2249438435181483,-24.4558494232353,184.36575271033874
2025-05-01,558.469970703125,True,-252.26069956303067,99117.56077133668,98865.30007177364,0.5326740851900065,-58.77672844888024,-1.3193747927313693,-20.1223289935496,203.08163763547032
2025-05-02,566.760009765625,False,0.0,98540.44573089195,98540.44573089195,0.5008548389908829,0.0,0.0,0.0,0.0
2025-05-05,563.510009765625,False,0.0,98540.44573089195,98540.44573089195,0.44396590074253084,0.0,0.0,0.0,0.0
2025-05-06,558.7999877929688,False,0.0,98540.44573089195,98540.44573089195,0.4460104499160062,0.0,0.0,0.0,0.0
2025-05-07,561.1500244140625,False,0.0,98540.44573089195,98540.44573089195,0.43917303432203614,0.0,0.0,0.0,0.0
2025-05-08,565.0599975585938,False,0.0,98540.44573089195,98540.44573089195,0.26572352592910264,0.0,0.0,0.0,0.0
2025-05-09,564.3400268554688,True,0.0,98540.44573089195,98540.44573089195,0.2025826772213869,0.0,0.0,0.0,0.0
2025-05-12,582.989990234375,True,-374.37571633089703,98540.44573089195,98166.07001456106,0.22210183450027696,-26.300156216477156,-1.4997683062631177,-92.87783946952428,43.98542348992925
2025-05-13,586.8400268554688,True,-449.4521635476005,98540.44573089195,98090.99356734435,0.22140335126474744,-32.0671767877759,-1.476295558998423,-89.20041479566005,44.24276975925791
2025-05-14,587.5900268554688,True,-420.7070355972696,98540.44573089195,98119.73869529468,0.22015108711504902,-33.31436726593358,-1.4879175429739102,-86.20088617847607,44.31521125862612
2025-05-15,590.4600219726562,True,-273.4952009375519,98540.44573089195,98266.9505299544,0.19585356921240377,-38.822121738831164,-1.5606107183427826,-77.94046669782692,37.83079416546728
2025-05-16,594.2000122070312,True,-397.94068976036243,98540.44573089195,98142.50504113159,0.1951688969387738,-44.67587375829481,-1.5256074823423598,-73.93884668748846,37.84727602853516
2025-05-19,594.8499755859375,True,-75.91347590492603,98540.44573089195,98464.53225498703,0.16106737544743283,-47.57694671286099,-1.7742122726243617,-61.356996448545445,30.401288128957738
2025-05-20,592.8499755859375,True,124.50876901318581,98540.44573089195,98664.95449990514,0.14973834805580477,-44.02991169298199,-1.9251375519261995,-57.96424432793117,27.921597646758944
2025-05-21,582.8599853515625,True,424.4346568666881,98540.44573089195,98964.88038775865,0.1656984346656946,-25.305442598627277,-1.8250840006239604,-55.1832562346229,29.322298507931926
2025-05-22,583.0900268554688,False,0.0,99047.28332428898,99047.28332428898,0.15403614893509027,0.0,0.0,0.0,0.0
2025-05-23,579.1099853515625,True,0.0,99047.28332428898,99047.28332428898,0.15726433285952604,0.0,0.0,0.0,0.0
2025-05-27,591.1500244140625,True,-158.05256317689214,99047.28332428898,98889.23076111208,0.1694854878645811,-21.118204359249702,-1.9688915531452431,-91.77865326980933,34.39206751893562
2025-05-28,587.72998046875,True,-79.07535786045514,99047.28332428898,98968.20796642853,0.17228888084814842,-14.217316804853608,-2.0041956542024404,-89.9662621142262,35.04245183368966
2025-05-29,590.0499877929688,True,-87.95150160783294,99047.28332428898,98959.33182268114,0.1720578108545643,-18.768356357568223,-2.004596250852648,-87.11793911554288,35.656700844662524
2025-05-30,589.3900146484375,True,-37.74032268078571,99047.28332428898,99009.5430016082,0.17201207183248676,-17.35454442114468,-2.0299569771411745,-84.2539800605985,35.848306095098536
2025-06-02,592.7100219726562,True,37.167748492530706,99047.28332428898,99084.4510727815,0.16650356899117993,-23.9752145351822,-2.0882523600836045,-73.84561042965558,35.484163121674094
2025-06-03,596.0900268554688,True,-12.491568017082244,99047.28332428898,99034.7917562719,0.16415782331757217,-30.995343645334028,-2.0863800394789505,-70.05357732737598,35.491983295577754
2025-06-04,595.9299926757812,True,64.16892712326003,99047.28332428898,99111.45225141224,0.15926352700171886,-30.69986351293486,-2.141953335161604,-65.91936557731917,34.1938226636197
2025-06-05,593.0499877929688,True,168.80310938299843,99047.28332428898,99216.08643367197,0.16173984151985582,-24.35220664173388,-2.1720106248813287,-63.285247864735595,34.72772367173452
2025-06-06,599.1400146484375,True,-12.006915677604724,99047.28332428898,99035.27640861137,0.16327151374961804,-37.3704171733417,-2.136155070697316,-60.722909926413436,36.73307235694935
2025-06-09,599.6799926757812,True,81.14934203630284,99047.28332428898,99128.43266632527,0.1627103209709873,-38.41647375202476,-2.25321156129848,-51.76129097992952,38.243159818303646
2025-06-10,603.0800170898438,True,181.7043629718018,99047.28332428898,99228.98768726077,0.12067924011135783,-46.391679913795805,-2.8267520844875667,-44.66940558457469,27.62778443729152
2025-06-11,601.3599853515625,True,290.893590843336,99047.28332428898,99338.17691513231,0.12025838253000871,-40.998016767455894,-2.9320598552749453,-41.75297257763968,27.47806114292297
2025-06-12,603.75,True,206.14528958895457,99047.28332428898,99253.42861387793,0.12065295958707711,-47.81960444672554,-3.059128702708117,-40.37605997237172,29.805285648518286
2025-06-13,597.0,False,0.0,99516.97416745778,99516.97416745778,0.12777514064175163,0.0,0.0,0.0,0.0
2025-06-16,602.6799926757812,False,0.0,99516.97416745778,99516.97416745778,0.13013180382597317,0.0,0.0,0.0,0.0
2025-06-17,597.530029296875,False,0.0,99516.97416745778,99516.97416745778,0.1342199544146796,0.0,0.0,0.0,0.0
2025-06-18,597.4400024414062,False,0.0,99516.97416745778,99516.97416745778,0.13356202714381427,0.0,0.0,0.0,0.0
2025-06-20,594.280029296875,True,0.0,99516.97416745778,99516.97416745778,0.1190423405452053,0.0,0.0,0.0,0.0
2025-06-23,600.1500244140625,True,-26.793311468730963,99516.97416745778,99490.18085598905,0.1230794020285145,-12.915280901241106,-2.6184105920260707,-94.36972258930504,24.480389181501355
2025-06-24,606.780029296875,True,-170.04966209184857,99516.97416745778,99346.92450536594,0.123426693632498,-29.8444724135622,-2.5244317877309763,-90.56396879199242,25.777264553908495
2025-06-25,607.1199951171875,True,32.76158714646655,99516.97416745778,99549.73575460425,0.10293554045735233,-31.77610352807445,-2.7672154214397735,-79.22493802320838,20.071801894468
2025-06-26,611.8699951171875,True,-132.50887710602052,99516.97416745778,99384.46529035176,0.10174243191555057,-44.66344859735097,-2.679403577905409,-74.47512842920389,20.473467988375077
2025-06-27,614.9099731445312,True,-270.9485702331385,99516.97416745778,99246.02559722464,0.10206122995649104,-52.55910040471036,-2.5667212429381454,-69.70615661855447,20.752039776062123
2025-06-30,617.8499755859375,True,-380.6807725644653,99516.97416745778,99136.29339489332,0.10176592388807758,-60.43558944773596,-2.503030864209176,-59.879893199348686,21.13234456795895
2025-07-01,617.6500244140625,True,-345.03468085542295,99516.97416745778,99171.93948660236,0.10142670928894332,-60.234508116197915,-2.5674131557365842,-58.058687023305566,21.398307433578882
2025-07-02,620.4500122070312,True,-506.8142645751436,99516.97416745778,99010.15990288263,0.10095813094824573,-67.38064172819023,-2.3862347065401934,-51.79100430515775,20.92812119744834
2025-07-03,625.3400268554688,True,-861.18810600567,99516.97416745778,98655.7860614521,0.10263517051245455,-77.63195556301058,-1.9188739764285982,-41.305538778976555,19.532774419897684
2025-07-07,620.6799926757812,True,-437.3798937255,99516.97416745778,99079.59427373228,0.1054918791717186,-69.35927981644159,-2.5617564136679225,-42.04965076342728,23.969625827961526
2025-07-08,620.3400268554688,True,-372.17804958844505,99516.97416745778,99144.79611786934,0.1015943439043197,-69.76052282894415,-2.733988067589585,-39.82790621009889,23.759255508253073
2025-07-09,624.0599975585938,True,-638.6923826445811,99516.97416745778,98878.2817848132,0.10263263100597161,-79.21551522636958,-2.249690480097903,-31.251655675688266,22.105795500033537
2025-07-10,625.8200073242188,True,-761.8190667455842,99516.97416745778,98755.1551007122,0.10178081142387262,-83.88318936369193,-1.9965811548445294,-25.414839439119135,20.687534984244824
2025-07-11,623.6199951171875,True,-557.8272642791044,99516.97416745778,98959.14690317868,0.1022154434015623,-80.2596003023228,-2.4094927811849036,-27.290055160623695,23.274456933728874
2025-07-14,624.8099975585938,True,-591.6252187550363,99516.97416745778,98925.34894870274,0.10190206099176151,-87.01221880048767,-2.202850588792427,-16.941689374325676,22.754360855792775
2025-07-15,622.1400146484375,True,-319.06827700931456,99516.97416745778,99197.90589044847,0.0927471569721148,-84.53276725642755,-3.0174119047020382,-17.32801327795476,24.43737576296689
2025-07-16,624.219970703125,True,-479.5987116383616,99516.97416745778,99037.37545581942,0.08871886375618825,-92.55452077947275,-2.02217017282832,-9.198807684111127,18.46942503866707
2025-07-17,628.0399780273438,True,-833.4319824430132,99516.97416745778,98683.54218501477,0.0810005723986153,-99.0687750995725,-0.4251222814339895,-1.4259037885796495,9.127133331007698
2025-07-18,627.5800170898438,False,0.0,98721.82525350756,98721.82525350756,0.08127807156298782,0.0,0.0,0.0,0.0
2025-07-21,628.77001953125,False,0.0,98721.82525350756,98721.82525350756,0.07600334048568402,0.0,0.0,0.0,0.0
2025-07-22,628.8599853515625,False,0.0,98721.82525350756,98721.82525350756,0.0718189017279912,0.0,0.0,0.0,0.0
2025-07-23,634.2100219726562,False,0.0,98721.82525350756,98721.82525350756,0.06826815606258961,0.0,0.0,0.0,0.0
2025-07-24,634.4199829101562,False,0.0,98721.82525350756,98721.82525350756,0.06834642739128782,0.0,0.0,0.0,0.0
2025-07-25,637.0999755859375,True,0.0,98721.82525350756,98721.82525350756,0.06558655837415184,0.0,0.0,0.0,0.0
2025-07-28,636.9400024414062,True,47.06627656088358,98721.82525350756,98768.89153006845,0.06509793401159703,1.6075655610511497,-3.6939719400239728,-96.71335533350094,15.515675158664239
2025-07-29,635.260009765625,True,59.69912615978217,98721.82525350756,98781.52437966735,0.06586400733779817,8.189639986414338,-3.6794464426105145,-92.13547759083441,14.869352328478788
2025-07-30,634.4600219726562,True,69.22913976318057,98721.82525350756,98791.05439327074,0.0662696749608121,11.521994976370392,-3.67201692634271,-88.16226090777815,14.560560230289305
2025-07-31,632.0800170898438,True,52.53004065137574,98721.82525350756,98774.35529415893,0.06750649850992799,20.64247556990194,-3.6104297791630087,-82.50028275977255,13.5230812340633
2025-08-01,621.719970703125,True,-363.5431844149684,98721.82525350756,98358.28206909259,0.08699682197943237,55.38816690417466,-3.013446523248623,-68.20802623275573,9.937987242764347
2025-08-04,631.1699829101562,True,-63.7334390383927,98721.82525350756,98658.09181446917,0.09839089905976295,23.83360386002446,-3.469911455180753,-80.80619633297343,19.899352972143646
2025-08-05,627.969970703125,True,-146.60367631461853,98721.82525350756,98575.22157719293,0.10053166438474162,35.16302315536692,-3.3280566671101783,-74.16737468328705,18.74980803085532
2025-08-06,632.780029296875,True,-22.072969301034107,98721.82525350756,98699.75228420652,0.10186348577962887,18.79839705543704,-3.538960481565588,-77.38458581523082,22.50932754151816
2025-08-07,632.25,True,-6.808224125437334,98721.82525350756,98715.01702938213,0.10167932716243017,21.22337767076658,-3.5465250409628344,-72.9984951268254,22.278139254982655
2025-08-08,637.1799926757812,True,46.98087265526283,98721.82525350756,98768.80612616282,0.1036185982408449,3.5636413675706247,-3.6818569512131596,-74.22534025305892,26.056088700650804
2025-08-11,635.9199829101562,True,117.57890782417633,98721.82525350756,98839.40416133174,0.10412218245816066,9.524485323811927,-3.713685745893424,-60.907044045327495,26.06381306800466
2025-08-12,642.6900024414062,True,80.19040493974074,98721.82525350756,98802.0156584473,0.10766254735503303,-15.893950646456323,-3.8203470013030874,-61.403484520013784,31.453214062531114
2025-08-13,644.8900146484375,True,61.2209846249236,98721.82525350756,98783.04623813248,0.1076797198623002,-24.088265265849486,-3.8551455539266395,-57.31233252501525,32.6509170749593
2025-08-14,644.9500122070312,True,99.32835199161119,98721.82525350756,98821.15360549917,0.10647536840016192,-24.07754331631634,-3.9323240757592566,-52.45528808439145,32.46037553918842
2025-08-15,643.4400024414062,True,164.49484240077297,98721.82525350756,98886.32009590833,0.10704120786152482,-17.711710135190035,-3.9557050749401226,-47.349206276905385,32.17559614554938
2025-08-18,643.2999877929688,False,0.0,98981.09453722024,98981.09453722024,0.10713451376637821,0.0,0.0,0.0,0.0
2025-08-19,639.8099975585938,False,0.0,98981.09453722024,98981.09453722024,0.10962901110523204,0.0,0.0,0.0,0.0
2025-08-20,638.1099853515625,False,0.0,98981.09453722024,98981.09453722024,0.10645772936172745,0.0,0.0,0.0,0.0
2025-08-21,635.5499877929688,False,0.0,98981.09453722024,98981.09453722024,0.10755903915514124,0.0,0.0,0.0,0.0
2025-08-22,645.3099975585938,True,0.0,98981.09453722024,98981.09453722024,0.11961244939163973,0.0,0.0,0.0,0.0
2025-08-25,642.469970703125,True,48.18660266341652,98981.09453722024,99029.28113988366,0.12092765453839328,9.604931350928291,-2.4071464395116005,-96.89685574374589,22.979789349741285
2025-08-26,645.1599731445312,True,78.9910080570337,98981.09453722024,99060.08554527728,0.12105164207912905,3.3263729621486826,-2.4368361259634796,-95.54783415034322,24.071524130466322
2025-08-27,646.6300048828125,True,102.4170875822847,98981.09453722024,99083.51162480253,0.120914542042897,-0.015926666568000236,-2.456592174144798,-93.0373638535488,24.620769632140036
2025-08-28,648.9199829101562,True,123.70760155601062,98981.09453722024,99104.80213877626,0.11991526727284088,-5.411923510016415,-2.4814124751733018,-90.23991857612656,25.094940595030657
2025-08-29,645.0499877929688,False,0.0,99278.48479416693,99278.48479416693,0.10387676825148924,0.0,0.0,0.0,0.0
2025-09-02,640.27001953125,False,0.0,99278.48479416693,99278.48479416693,0.09628011173780428,0.0,0.0,0.0,0.0
2025-09-03,643.739990234375,False,0.0,99278.48479416693,99278.48479416693,0.0950925531095476,0.0,0.0,0.0,0.0
2025-09-04,649.1199951171875,False,0.0,99278.48479416693,99278.48479416693,0.09573904255542443,0.0,0.0,0.0,0.0
2025-09-05,647.239990234375,True,0.0,99278.48479416693,99278.48479416693,0.09661856614013103,0.0,0.0,0.0,0.0
2025-09-08,648.8300170898438,True,83.64821431792393,99278.48479416693,99362.13300848486,0.09360146483428788,-2.7334882212588174,-3.0445362990301095,-96.99177710541461,18.57592846072765
2025-09-09,650.3300170898438,True,95.6679298813242,99278.48479416693,99374.15272404825,0.09308455210490536,-7.048014354995313,-3.0698339310822513,-94.20027912575044,18.963787369133975
2025-09-10,652.2100219726562,True,155.37581850147006,99278.48479416693,99433.8606126684,0.08647232792186621,-12.474850707312013,-3.144126354577062,-86.64528186716508,17.299300190333643
2025-09-11,657.6300048828125,True,9.27690389649527,99278.48479416693,99287.76169806342,0.09011414281996215,-29.190041669652224,-3.0857191789140295,-87.1243840142462,20.11864552399098
2025-09-12,657.4099731445312,True,35.751198644875615,99278.48479416693,99314.23599281181,0.09018261670719906,-28.360606457306403,-3.1179412464599876,-84.29058072164113,20.230997991784214
2025-09-15,660.9099731445312,True,-33.181752104681905,99278.48479416693,99245.30304206225,0.09055868884702716,-38.853885910777606,-3.125585656493659,-74.86738610991114,21.53071575560616
2025-09-16,660.0,True,22.0798586299761,99278.48479416693,99300.56465279691,0.09091619527284088,-35.87450657488953,-3.189147782681831,-72.46223018611136,21.69817807405059
2025-09-17,659.1799926757812,True,96.63825043533372,99278.48479416693,99375.12304460227,0.08797402983348604,-33.098371629693006,-3.2954038811832254,-68.16695692593494,20.675566788176653
2025-09-18,662.260009765625,True,-2.637957258210477,99278.48479416693,99275.84683690872,0.08722702761387244,-43.07708461590444,-3.2956428232625297,-64.78377310042077,21.44553227036383
2025-09-19,663.7000122070312,True,-31.38579455307262,99278.48479416693,99247.09899961385,0.08441740608691206,-47.9228645884726,-3.371656462941835,-60.73571486330637,21.16419596426654
2025-09-22,666.8400268554688,True,-116.65139235932322,99278.48479416693,99161.8334018076,0.06980398469316913,-59.21933316499284,-3.5526652023991323,-50.17354953985542,21.483105063203787
2025-09-23,663.2100219726562,True,104.67269806787583,99278.48479416693,99383.15749223481,0.07109583572714788,-45.57917040202178,-3.9331341895870646,-49.81547102803322,21.472687244616555
2025-09-24,661.0999755859375,True,217.9638209469104,99278.48479416693,99496.44861511384,0.0723335130767397,-36.59775774500135,-4.011823880902103,-45.75438738752504,20.65884214138361
2025-09-25,658.0499877929688,False,0.0,99610.63276729283,99610.63276729283,0.07509215245188311,0.0,0.0,0.0,0.0
2025-09-26,661.8200073242188,True,0.0,99610.63276729283,99610.63276729283,0.0764997928401524,0.0,0.0,0.0,0.0
2025-09-29,663.6799926757812,True,38.01291658984667,99610.63276729283,99648.64568388267,0.0721213025474199,-5.625068421568074,-3.570454766211554,-101.73128232599618,16.88489001083142
2025-09-30,666.1799926757812,True,22.07802634506635,99610.63276729283,99632.7107936379,0.06441450350849891,-14.306784402542732,-3.5826523166457895,-99.35358102589032,17.805095405306393
2025-10-01,668.4500122070312,True,-8.733335182138546,99610.63276729283,99601.89943211069,0.06338757587978186,-22.195637593397194,-3.571191687557382,-96.18080740573431,18.549178404408252
2025-10-02,669.219970703125,True,-10.67085169697748,99610.63276729283,99599.96191559585,0.05866027059139909,-24.760012690622364,-3.583136566001367,-92.9359041433886,18.864368936901258
2025-10-03,669.2100219726562,True,8.483935967907286,99610.63276729283,99619.11670326073,0.05663233077613254,-24.54763402806077,-3.616640882367221,-89.8464335673139,18.993471553713505
2025-10-06,671.6099853515625,True,-9.451935854566074,99610.63276729283,99601.18083143827,0.05697931034053171,-32.747613821880236,-3.6575401764621644,-79.77062165244135,20.004767736747095
2025-10-07,669.1199951171875,True,87.73167351263069,99610.63276729283,99698.36444080547,0.0600876501065499,-23.333393837148137,-3.7508774720887343,-76.73332620003634,19.45204836779397
2025-10-08,673.1099853515625,True,-26.476643799075106,99610.63276729283,99584.15612349375,0.06202470084119996,-37.98369305087506,-3.69327301754599,-72.92753617112344,20.69715575008033
2025-10-09,671.1599731445312,True,66.59206502069637,99610.63276729283,99677.22483231353,0.05860936147274976,-30.52478484263556,-3.8063761224848394,-70.19408311625847,20.40332131538012
2025-10-10,653.02001953125,True,-196.512638739015,99610.63276729283,99414.12012855381,0.11677367426622039,32.67766252617371,-3.155722719152185,-74.38470843652942,26.958961615098033
2025-10-13,663.0399780273438,True,-56.85359506942973,99610.63276729283,99553.7791722234,0.127908059252417,-0.09913581576325714,-3.418628680198517,-75.01453101082467,40.473276420860564
2025-10-14,662.22998046875,True,-14.353019558615188,99610.63276729283,99596.27974773421,0.1278844511643596,3.12401135529351,-3.4674226536478043,-69.97232435724375,40.625655148437005
2025-10-15,665.1699829101562,True,6.376492738404238,99610.63276729283,99617.00926003123,0.12863696317479803,-6.828405930892773,-3.5260653349094584,-66.45142239512036,43.24520296583623
2025-10-16,660.6400146484375,True,47.87601871044558,99610.63276729283,99658.50878600328,0.1301110763448934,9.64124102849167,-3.5162965409192335,-59.80453642954768,41.90493168664343
2025-10-17,664.3900146484375,True,82.48890630393788,99610.63276729283,99693.12167359678,0.1315086155421852,-3.3485136703973515,-3.6090072798219603,-56.686013931897264,45.781185277877626
2025-10-20,671.2999877929688,True,80.98617780531754,99610.63276729283,99691.61894509815,0.1356104250982095,-27.973923551791007,-3.7941912433088176,-42.006934736799806,54.48477025148226
2025-10-21,671.2899780273438,True,143.0373062570112,99610.63276729283,99753.67007354985,0.13389264006618926,-27.514819835613917,-3.9360674906964475,-35.67808239154022,54.542807080240465
2025-10-22,667.7999877929688,False,0.0,99878.92972872104,99878.92972872104,0.13484336400535774,0.0,0.0,0.0,0.0
2025-10-23,671.760009765625,False,0.0,99878.92972872104,99878.92972872104,0.1347153442979105,0.0,0.0,0.0,0.0
2025-10-24,677.25,True,0.0,99878.92972872104,99878.92972872104,0.13610207422135473,0.0,0.0,0.0,0.0
2025-10-27,685.239990234375,True,-42.885640717912565,99878.92972872104,99836.04408800312,0.14113216164372624,-13.259034984326757,-2.002463635046068,-107.95643128303935,32.01310248676646
2025-10-28,687.0599975585938,True,-42.31027737171473,99878.92972872104,99836.61945134932,0.14096187982131853,-16.77699235723119,-2.0078497449367525,-104.80990894800432,32.54161351300896
2025-10-29,687.3900146484375,True,-15.029910143037739,99878.92972872104,99863.899818578,0.140832370581752,-17.32435135968701,-2.023123517957203,-101.54878722189409,32.79908191236165
2025-10-30,679.8300170898438,True,41.235215786173285,99878.92972872104,99920.16494450721,0.14762082660022638,-1.8431691170646691,-2.0267055636604816,-99.5723494449449,33.68298780236509
2025-10-31,682.0599975585938,True,56.47291689800085,99878.92972872104,99935.40264561903,0.1478456535288014,-6.17559678172665,-2.03939316382617,-96.94971665440897,34.653777192607734
2025-11-03,683.3400268554688,True,151.21408453966438,99878.92972872104,100030.1438132607,0.14756717779858644,-8.171308306172914,-2.0825749184037385,-86.27522998462402,35.57156496499978
2025-11-04,675.239990234375,True,153.63994993413002,99878.92972872104,100032.56967865517,0.1536972225813774,8.754252768640331,-2.046764791274949,-81.6151049220329,35.47734083849876
2025-11-05,677.5800170898438,True,205.56529819703115,99878.92972872104,100084.49502691807,0.1527700169176696,4.247216920600183,-2.070265762556864,-78.37468389661086,36.141929686320765
2025-11-06,670.3099975585938,True,138.65586060006692,99878.92972872104,100017.5855893211,0.15747515863563089,19.361067345514627,-2.0170044245503274,-72.60438862521094,35.3480453812618
2025-11-07,670.969970703125,False,0.0,100309.55824296756,100309.55824296756,0.11986431909100163,0.0,0.0,0.0,0.0
2025-11-10,681.4400024414062,False,0.0,100309.55824296756,100309.55824296756,0.12026055800016158,0.0,0.0,0.0,0.0
2025-11-11,683.0,False,0.0,100309.55824296756,100309.55824296756,0.11990234221582949,0.0,0.0,0.0,0.0
2025-11-12,683.3800048828125,False,0.0,100309.55824296756,100309.55824296756,0.11945344306257187,0.0,0.0,0.0,0.0
2025-11-13,672.0399780273438,False,0.0,100309.55824296756,100309.55824296756,0.13286501302672218,0.0,0.0,0.0,0.0
2025-11-14,671.9299926757812,True,0.0,100309.55824296756,100309.55824296756,0.13167458140955995,0.0,0.0,0.0,0.0
2025-11-17,665.6699829101562,True,49.772811687506646,100309.55824296756,100359.33105465506,0.1308347268873662,16.35092310672899,-2.085624072634784,-97.38572995271029,24.49319437221627
2025-11-18,660.0800170898438,True,-64.07016592084744,100309.55824296756,100245.48807704671,0.1338652447899405,28.07883188676544,-2.022356982920866,-91.18079927184348,23.41614842458838
2025-11-19,662.6300048828125,True,18.169711096837915,100309.55824296756,100327.7279540644,0.1338085478353553,23.16384328271766,-2.060565098537653,-90.18745493915294,24.560026461281275
2025-11-20,652.530029296875,True,-337.40496270566246,100309.55824296756,99972.15328026189,0.14160066882859698,43.18967179654113,-1.8931214020905518,-80.9125401468883,22.574714933724596
2025-11-21,659.030029296875,True,-107.57052354163719,100309.55824296756,100201.98771942592,0.14332250952200412,30.575203620774268,-2.001220022323078,-85.13258177324883,26.53298625280308
2025-11-24,668.72998046875,True,119.56272877604874,100309.55824296756,100429.1209717436,0.1471296669772679,11.189055893931416,-2.1183857854614696,-83.40445646898955,32.71235453922633
2025-11-25,675.02001953125,True,123.59378200863915,100309.55824296756,100433.1520249762,0.15133894458739033,-2.1856181790688103,-2.1481433227031834,-84.49612513030289,37.07619275270785
2025-11-26,679.6799926757812,True,90.94980878482772,100309.55824296756,100400.50805175239,0.15378905237484994,-12.05729400387816,-2.1537362448288597,-82.94859601278455,39.88853725042966
2025-11-28,683.3900146484375,True,132.7542186325701,100309.55824296756,100442.31246160013,0.14996089615376115,-19.764336154358674,-2.1995056588706063,-74.3086423919557,39.84924543184169
2025-12-01,680.27001953125,True,307.45939165365854,100309.55824296756,100617.01763462121,0.15045683103596277,-12.040087023856715,-2.237093910174176,-60.77871209779023,39.5305595335426
2025-12-02,681.530029296875,True,327.0761741090588,100309.55824296756,100636.63441707661,0.15045253253378227,-14.525250412637247,-2.2558254718825776,-56.72856698151696,40.11754822659568
2025-12-03,683.8900146484375,False,0.0,100660.75791770307,100660.75791770307,0.14424201479500962,0.0,0.0,0.0,0.0
2025-12-04,684.3900146484375,False,0.0,100660.75791770307,100660.75791770307,0.14385839668226935,0.0,0.0,0.0,0.0
2025-12-05,685.6900024414062,True,0.0,100660.75791770307,100660.75791770307,0.13756688166616945,0.0,0.0,0.0,0.0
2025-12-08,683.6300048828125,True,73.31486057357353,100660.75791770307,100734.07277827665,0.13835257948084925,7.182882016151365,-1.979840167189359,-103.3629644761291,28.37018443090725
2025-12-09,683.0399780273438,True,216.55997293177336,100660.75791770307,100877.31789063485,0.127277502252274,9.162364726173328,-2.0132341530324727,-93.02178019470239,24.20639283896106
2025-12-10,687.5700073242188,True,229.6123144266673,100660.75791770307,100890.37023212973,0.12916620543238966,0.1019584841927379,-2.039610012558331,-93.31586258082308,26.390744972118767
2025-12-11,689.1699829101562,True,247.19112531497558,100660.75791770307,100907.94904301804,0.12935898096779988,-2.9496055450791756,-2.0514557813391923,-90.70763781165765,27.011973233923804
2025-12-12,681.760009765625,True,339.6261502648528,100660.75791770307,101000.38406796793,0.12033473203859271,12.722321676774273,-1.9986822512202604,-77.21001941849094,21.22760276889701
2025-12-15,680.72998046875,False,0.0,101044.01492106235,101044.01492106235,0.12056071956175178,0.0,0.0,0.0,0.0
2025-12-16,678.8699951171875,False,0.0,101044.01492106235,101044.01492106235,0.11545021455106917,0.0,0.0,0.0,0.0
2025-12-17,671.4000244140625,False,0.0,101044.01492106235,101044.01492106235,0.118630564016083,0.0,0.0,0.0,0.0
2025-12-18,676.469970703125,False,0.0,101044.01492106235,101044.01492106235,0.12056132239548144,0.0,0.0,0.0,0.0
2025-12-19,680.5900268554688,True,0.0,101044.01492106235,101044.01492106235,0.10489444831965102,0.0,0.0,0.0,0.0
2025-12-22,684.8300170898438,True,69.78531239503951,101044.01492106235,101113.80023345738,0.10202433278823471,-8.877182514276011,-2.6657770916246286,-103.37473826892523,22.06809310818584
2025-12-23,687.9600219726562,True,158.10912029667747,101044.01492106235,101202.12404135903,0.09109424293329874,-17.0066476600509,-2.764408087168767,-92.96373613615367,19.12718710341614
2025-12-24,690.3800048828125,True,165.45780886845662,101044.01492106235,101209.4727299308,0.08658242464065175,-23.449799138079275,-2.821201272662659,-87.26618232805902,18.320564556300052
2025-12-26,690.3099975585938,True,227.38476344777965,101044.01492106235,101271.39968451014,0.08393394559642904,-22.59281891258646,-2.872843255898016,-78.9632142990674,17.440178609663384
2025-12-29,687.8499755859375,False,0.0,101373.79324729113,101373.79324729113,0.0833820258533608,0.0,0.0,0.0,0.0
2025-12-30,687.010009765625,False,0.0,101373.79324729113,101373.79324729113,0.08159809188514534,0.0,0.0,0.0,0.0
2025-12-31,681.9199829101562,False,0.0,101373.79324729113,101373.79324729113,0.08608457313695951,0.0,0.0,0.0,0.0
2026-01-02,683.1699829101562,True,0.0,101373.79324729113,101373.79324729113,0.08541681240792372,0.0,0.0,0.0,0.0
2026-01-05,687.719970703125,True,-27.29460541340245,101373.79324729113,101346.49864187773,0.08864807034544034,-13.321187057581335,-3.1795465343357185,-108.23095869555641,20.49683318893109
2026-01-06,691.8099975585938,True,-125.39056037394829,101373.79324729113,101248.40268691718,0.09077619174048858,-25.84222004181415,-3.0858537117879883,-105.50419717400521,22.284907373485463
2026-01-07,689.5800170898438,True,-47.14671474433487,101373.79324729113,101326.6465325468,0.09089037518608822,-18.768012607071956,-3.17039142893252,-103.28773401010008,22.073313623089668
2026-01-08,689.510009765625,True,-22.366149173593897,101373.79324729113,101351.42709811754,0.09078637751833508,-18.377399860613753,-3.202324526897922,-99.97634429530082,22.18656429864915
2026-01-09,694.0700073242188,True,-131.14631259286185,101373.79324729113,101242.64693469828,0.09076967729840861,-32.594276136503254,-3.106303100383116,-94.8224892907731,23.187302248914392
2026-01-12,695.1599731445312,True,-100.23451462650215,101373.79324729113,101273.55873266463,0.09060455383652723,-35.92344295838782,-3.1804623469999447,-84.55961921940516,23.94778087943963
2026-01-13,693.77001953125,True,58.76150281685568,101373.79324729113,101432.55475010799,0.08099259322508291,-31.856951036760872,-3.4413178344440256,-76.76521636166166,20.411919074717055
2026-01-14,690.3599853515625,True,158.78216585843035,101373.79324729113,101532.57541314956,0.08320372612957043,-19.813010717141932,-3.447820355379658,-73.77316262152632,20.18445916848961
2026-01-15,692.239990234375,True,136.70375064485683,101373.79324729113,101510.49699793599,0.08246380292329916,-26.014515910653497,-3.499736443114085,-70.52294032281934,20.72357143611686
2026-01-16,691.6599731445312,True,191.2330944510579,101373.79324729113,101565.0263417422,0.06965627695540573,-23.48779509881127,-3.548218921316018,-64.92081804367712,19.512909767036486
2026-01-20,677.5800170898438,True,164.12744960096825,101373.79324729113,101537.9206968921,0.10146894680595532,23.939267871449086,-3.1725262581949965,-53.4397259331751,23.11409432818181
2026-01-21,685.4000244140625,False,0.0,101593.3071713563,101593.3071713563,0.10734179735508943,0.0,0.0,0.0,0.0
2026-01-22,688.97998046875,False,0.0,101593.3071713563,101593.3071713563,0.10667395013496003,0.0,0.0,0.0,0.0
2026-01-23,689.22998046875,True,0.0,101593.3071713563,101593.3071713563,0.10548568505271473,0.0,0.0,0.0,0.0
2026-01-26,692.72998046875,True,37.27301733087529,101593.3071713563,101630.58018868718,0.1062947937220398,-6.7895660459055485,-2.5881681820499276,-106.97115673907673,23.580209119444245
2026-01-27,695.489990234375,True,13.923247934016558,101593.3071713563,101607.23041929031,0.10713892131696756,-13.735465645282535,-2.586975086739894,-104.89346091376524,24.782460047931178
2026-01-28,695.4199829101562,True,50.974591910234324,101593.3071713563,101644.28176326652,0.10614830288104166,-13.364663565342532,-2.6153019869498433,-100.94820441720324,24.550027039471995
2026-01-29,694.0399780273438,True,93.58465093235395,101593.3071713563,101686.89182228866,0.1063517915704203,-9.522619947553324,-2.63495980423645,-97.29314645237005,24.367612615547575
2026-01-30,691.969970703125,True,171.37085515659436,101593.3071713563,101764.67802651289,0.10306477952433037,-3.6765367228216714,-2.6600964421102398,-90.48997470221094,22.48422846287016
2026-02-02,695.4099731445312,True,194.06403405814814,101593.3071713563,101787.37120541444,0.10410020121151695,-12.141163670373079,-2.707114096735848,-81.78804301706553,24.27436115224616
2026-02-03,689.530029296875,True,235.64929044592162,101593.3071713563,101828.95646180221,0.10683293575044006,3.8804746064009352,-2.6419975141445082,-76.41885186698666,23.257639236250686
2026-02-04,686.1900024414062,True,246.6068070058789,101593.3071713563,101839.91397836218,0.10592504025868898,12.990611867869234,-2.5909497606271974,-69.82636327667645,21.581696358836627
2026-02-05,677.6199951171875,True,24.459965818044438,101593.3071713563,101617.76713717433,0.1140961341246416,34.96381377218046,-2.4999326090183343,-66.57951880725157,21.78192144293004
2026-02-06,690.6199951171875,True,87.06895924251228,101593.3071713563,101680.37613059882,0.1341962450866124,0.9631573601460441,-2.5992311976260862,-79.85109679554327,36.63893491294512
2026-02-09,693.9500122070312,True,187.33875487193217,101593.3071713563,101780.64592622823,0.1331950979470989,-6.856377903042821,-2.67718164330233,-67.07791900934409,38.28945985207008
2026-02-10,692.1199951171875,True,237.2988872429545,101593.3071713563,101830.60605859925,0.1333718056001075,-1.5904465187311645,-2.667249783386564,-61.39794738337869,37.61064065580749
2026-02-11,691.9600219726562,False,0.0,101864.4914566482,101864.4914566482,0.13320596255809372,0.0,0.0,0.0,0.0
2026-02-12,681.27001953125,False,0.0,101864.4914566482,101864.4914566482,0.14326524578687586,0.0,0.0,0.0,0.0
2026-02-13,681.75,True,0.0,101864.4914566482,101864.4914566482,0.14281210603407993,0.0,0.0,0.0,0.0
2026-02-17,682.8499755859375,True,114.83641468562666,101864.4914566482,101979.32787133384,0.14305975892988698,1.2731340356332943,-1.9401096580022723,-100.83017961149166,30.25602444930755
2026-02-18,686.2899780273438,True,330.86511314698015,101864.4914566482,102195.35656979519,0.12325406553196028,-4.643866039140715,-2.003538171324029,-87.13571886928162,23.882966890474293
2026-02-19,684.47998046875,False,0.0,102280.16896313583,102280.16896313583,0.11681019274325175,0.0,0.0,0.0,0.0
2026-02-20,689.4299926757812,True,0.0,102280.16896313583,102280.16896313583,0.11821269316322985,0.0,0.0,0.0,0.0
2026-02-23,682.3900146484375,True,-40.051810193905624,102280.16896313583,102240.11715294192,0.12370943847180269,18.468205292050516,-2.219457083504426,-102.77119579474159,24.18778565925617
2026-02-24,687.3499755859375,True,15.90023335042332,102280.16896313583,102296.06919648625,0.1252399137865983,7.45500603999163,-2.267143987951842,-104.23894713196844,26.82373168424879
2026-02-25,693.1500244140625,True,-4.9516826089814,102280.16896313583,102275.21728052685,0.12823649239545956,-5.655013289473737,-2.2766986917549628,-105.3242698017247,30.04175717425418
2026-02-26,689.2999877929688,True,26.5213332106498,102280.16896313583,102306.69029634648,0.12965975405423444,3.3688408627995328,-2.2794014431049137,-100.90016545084508,29.53582326688067
2026-02-27,685.989990234375,True,33.889046401890255,102280.16896313583,102314.05800953772,0.1304920780688499,11.221896352650157,-2.2677882869722032,-95.67885987445838,28.7580158112435
2026-03-02,686.3800048828125,True,127.12602918923466,102280.16896313583,102407.29499232507,0.13023349090243805,11.3449459177756,-2.3040608150907866,-84.58422095071087,29.248125746842263
2026-03-03,680.3300170898438,True,47.82283266718608,102280.16896313583,102327.99179580301,0.1319056195439352,25.47773327858386,-2.2398602068303672,-77.55537894406854,27.440440306975976
2026-03-04,685.1300048828125,True,159.25629122621388,102280.16896313583,102439.42525436204,0.1318709325610143,14.840113544901119,-2.3014868528558594,-76.76798027018981,29.652444500542874
2026-03-05,681.3099975585938,True,122.60365527387691,102280.16896313583,102402.77261840971,0.13223180524862538,23.945031954945083,-2.2661936217771803,-70.78925778346843,28.3210359964311
2026-03-06,672.3800048828125,True,-136.627420356554,102280.16896313583,102143.54154277928,0.13301467364623698,44.297591492174334,-2.180249563846475,-62.45166096854273,24.901337682066437
2026-03-09,678.27001953125,True,245.15104040174657,102280.16896313583,102525.32000353758,0.11720203721388589,31.476322149969434,-2.3569156215276226,-50.26788900427049,22.82947194802072
2026-03-10,677.1799926757812,True,245.05166915708872,102280.16896313583,102525.22063229293,0.11525108581732234,33.80216674243078,-2.4481657950480162,-47.362135772331904,22.803187025525897
2026-03-11,676.3300170898438,True,240.95034822335583,102280.16896313583,102521.11931135919,0.11512996140296633,35.68411881418852,-2.5507050000068263,-45.106392690120934,23.634943119641402
2026-03-12,666.0599975585938,True,-267.7830210003325,102280.16896313583,102012.3859421355,0.12548961160315414,62.96576067691431,-2.545628479484077,-41.713636409315455,23.427364214752163
2026-03-13,662.2899780273438,True,-459.18376440717276,102280.16896313583,101820.98519872865,0.11573912727047128,75.57965624933904,-2.4774446503257903,-32.63658621257927,16.480891415598894
2026-03-16,669.030029296875,True,30.152587650499374,102280.16896313583,102310.32155078634,0.12264978606036665,58.12017741916596,-3.4267610533421444,-33.50973469146423,32.78744751981223
2026-03-17,670.7899780273438,True,158.10960910641052,102280.16896313583,102438.27857224224,0.12298256045625222,52.52529990443979,-3.7725472571900434,-31.258360331717324,38.10757743751927
2026-03-18,661.4299926757812,True,-464.8153921922067,102280.16896313583,101815.35357094363,0.12929229377931148,86.18966088217601,-2.390772464378892,-15.26914658670836,19.05915050152231
2026-03-19,659.7999877929688,True,-593.2086335262142,102280.16896313583,101686.96032960962,0.12927959554441915,93.414683011478,-1.6449470060485527,-7.661575111068718,9.734612439074315
2026-03-20,648.5700073242188,False,0.0,100553.13719881952,100553.13719881952,0.13547018292062946,0.0,0.0,0.0,0.0
2026-03-23,655.3800048828125,False,0.0,100553.13719881952,100553.13719881952,0.140697192384596,0.0,0.0,0.0,0.0
2026-03-24,653.1799926757812,False,0.0,100553.13719881952,100553.13719881952,0.13640890629860486,0.0,0.0,0.0,0.0
2026-03-25,656.8200073242188,False,0.0,100553.13719881952,100553.13719881952,0.1337262001175137,0.0,0.0,0.0,0.0
2026-03-26,645.0900268554688,False,0.0,100553.13719881952,100553.13719881952,0.14417459411790326,0.0,0.0,0.0,0.0
2026-03-27,634.0900268554688,True,0.0,100553.13719881952,100553.13719881952,0.15235379242244204,0.0,0.0,0.0,0.0
2026-03-30,631.969970703125,True,93.21934693726917,100553.13719881952,100646.35654575679,0.15145037734090552,7.469419272837191,-1.9387470099902957,-94.7138957953311,28.490063854217574
2026-03-31,650.3400268554688,True,-553.5572558767427,100553.13719881952,99999.57994294277,0.189637897173921,-26.23731235647594,-1.6770364726371236,-106.43174854984443,44.908943429979495
2026-04-01,655.239990234375,True,-678.7919064512537,100553.13719881952,99874.34529236826,0.18995399685299355,-34.32780640416645,-1.622635388516196,-101.19614724674466,45.295010899823396
2026-04-02,655.8300170898438,True,-655.2750096212918,100553.13719881952,99897.86218919822,0.1898281842954244,-35.458980867451125,-1.6332827729204284,-97.94505587928556,45.72764447028058
2026-04-06,658.9299926757812,True,-568.9817858369089,100553.13719881952,99984.15541298261,0.18631578840737398,-41.67200955795861,-1.6791563253929154,-83.33543401395448,46.39668074423188
2026-04-07,659.219970703125,True,-506.00272102001964,100553.13719881952,100047.1344777995,0.18286545807001192,-42.695418932658676,-1.7143069902732302,-79.3710293931346,45.769509659977416
2026-04-08,676.010009765625,False,0.0,98919.67108630578,98919.67108630578,0.205745813307233,0.0,0.0,0.0,0.0
2026-04-09,679.9099731445312,False,0.0,98919.67108630578,98919.67108630578,0.20671916963882705,0.0,0.0,0.0,0.0
2026-04-10,679.4600219726562,True,0.0,98919.67108630578,98919.67108630578,0.19846576988597037,0.0,0.0,0.0,0.0
2026-04-13,686.0999755859375,True,85.151225109,98919.67108630578,99004.82231141478,0.19912686688144282,-5.850287179130792,-1.390309019146975,-105.74732084766616,43.21602954340092
2026-04-14,694.4600219726562,True,-9.982618986828129,98919.67108630578,98909.68846731895,0.20035352705297027,-17.324718813875112,-1.3763589599431496,-104.38291176374939,45.62241107502732
2026-04-15,699.9400024414062,True,-110.20859828819027,98919.67108630578,98809.4624880176,0.20147534648575957,-24.72967128506309,-1.3582477056572109,-101.51367273275756,47.09201267023876
2026-04-16,701.6599731445312,True,-14.540973135282798,98919.67108630578,98905.1301131705,0.19220131814842542,-27.20425587628037,-1.3897154587189846,-95.53607142867087,44.3439810822902
2026-04-17,710.1400146484375,True,-291.03992277493023,98919.67108630578,98628.63116353085,0.19365341343875664,-38.672879595027375,-1.3342211414552385,-91.29123322131105,45.6821070779477
2026-04-20,708.719970703125,True,35.58211877236559,98919.67108630578,98955.25320507814,0.17892670639451977,-37.23085577695551,-1.453944716565464,-79.08697807379377,41.948026621290694
2026-04-21,704.0800170898438,True,225.518551479675,98919.67108630578,99145.18963778546,0.18151951734168997,-30.31128739770178,-1.4828745606826073,-76.38620601663496,42.48580194282243
2026-04-22,711.2100219726562,True,-0.3573180347189009,98919.67108630578,98919.31376827107,0.18096570512171478,-40.7551872881888,-1.4689376839426485,-73.30643450377437,43.88689268550371
2026-04-23,708.4500122070312,True,140.85274827484895,98919.67108630578,99060.52383458063,0.18315740127420016,-36.58272815453834,-1.4995736719905672,-70.72691133187959,44.81183262689872
2026-04-24,713.9400024414062,True,84.44763501109432,98919.67108630578,99004.11872131687,0.16433950562711935,-45.038091268623845,-1.5970427075098148,-64.62471145499826,40.05373255213147
2026-04-27,715.1699829101562,True,281.68369293402924,98919.67108630578,99201.35477923982,0.14262294107351817,-46.628532134716245,-1.9308165369266665,-54.93040623171376,36.59190858932177
2026-04-28,711.6900024414062,True,468.49168372846003,98919.67108630578,99388.16277003424,0.14405049742279172,-39.453222040152895,-1.9670471103666962,-51.167414330064055,36.351059556824815
2026-04-29,711.5800170898438,False,0.0,99561.24088614054,99561.24088614054,0.11768758757446504,0.0,0.0,0.0,0.0
2026-04-30,718.6599731445312,False,0.0,99561.24088614054,99561.24088614054,0.11880044391096016,0.0,0.0,0.0,0.0
2026-05-01,720.6500244140625,True,0.0,99561.24088614054,99561.24088614054,0.11820897494719868,0.0,0.0,0.0,0.0
2026-05-04,718.010009765625,True,27.402545578566162,99561.24088614054,99588.6434317191,0.12189637574310573,8.343191341861967,-2.1725084856191796,-110.12165089174948,26.446065867936486
2026-05-05,723.77001953125,True,50.47104633784727,99561.24088614054,99611.71193247839,0.12167684422973679,-4.069308845314545,-2.205106127175559,-109.63866975871785,28.42041871164076
2026-05-06,733.8300170898438,True,121.99251935087574,99561.24088614054,99683.23340549142,0.10130792002302152,-26.552771053554412,-2.326881727729429,-95.49978422248675,23.389296963328142
2026-05-07,731.5800170898438,True,175.9195147864702,99561.24088614054,99737.16040092701,0.10420298060977347,-21.127929695258075,-2.3278415826625163,-93.61305525512486,23.994877420376724
2026-05-08,737.6199951171875,True,14.396195507951859,99561.24088614054,99575.6370816485,0.104084943001111,-34.9728725869079,-2.304184993008882,-90.69398259647717,25.446021500542216
2026-05-11,739.2999877929688,True,42.92471583290265,99561.24088614054,99604.16560197345,0.10209154615350562,-38.62945512346075,-2.38755077928659,-80.41863700862149,25.724875987717887
2026-05-12,738.1799926757812,True,0.0,99695.89532999095,99695.89532999095,0.09866272803538428,-35.770176604411866,-2.4743339924015992,-75.9138336602749,24.498107540138413
